ID,Class,PubchemFP697,PubchemFP362,maxssssC,PubchemFP314,C1SP3,ASP-6,PubchemFP443,nN,piPC8,PubchemFP380,SpMin4_Bhe,GATS7v,PubchemFP824,PubchemFP549,AATS0v,PubchemFP680,SdsCH,AATSC4m,BCUTw-1l,VC-3,
2,NRB,0,1,0,0,0,0.0442,0,1,3.8408,0,0.355,0,0,1,409.7894,0,0,-3.7108,11.9986,0.7971,
3,NRB,0,1,0,0,0,0.0625,0,1,3.8408,0,0.3553,0,0,1,342.2341,0,0,64.7199,11.9986,0.6047,
4,NRB,0,1,0,0,2,0.0545,0,6,6.4994,0,1.4053,1.0658,0,1,260.9306,0,0,8.1986,11.9529,0.762,
5,NRB,0,1,0,0,0,0.0594,0,1,3.1689,0,0.3603,0,0,1,308.4564,0,0,-32.4179,11.9986,0.4547,
6,NRB,0,0,0,0,0,0.0591,0,2,0,0,0.6571,0,0,1,251.1017,0,0,-12.5152,11.999,0.2357,
7,NRB,0,0,0,0,1,0.0663,0,1,0,0,0.713,0.755,0,1,254.7757,0,0,-8.492,11.9986,0.2357,
9,NRB,0,1,0,0,0,0.0652,0,1,0,0,0.3597,0,0,1,308.4564,0,0,-40.2881,11.9986,0.4452,
10,NRB,0,1,0,0,0,0.0767,0,1,0,0,0.3598,0,0,1,274.6788,0,0,-26.6506,11.9986,0.3068,
14,NRB,0,0,0,0,0,0.0534,0,3,6.1546,0,0.7342,1.0107,0,1,251.9271,0,0,-9.8515,11.85,0.2546,
16,NRB,0,1,0,0,0,0.067,0,1,0,0,0.3625,0,0,1,274.6788,0,0,-4.265,11.9986,0.3068,
17,NRB,0,1,0,0,0,0.0605,0,1,3.1689,0,0.3603,0,0,1,308.4564,0,0,-32.4179,11.9986,0.4075,
19,NRB,0,0,0,0,0,0.0752,0,1,0,0,0.3626,0,0,1,240.9011,0,0,-3.9425,11.85,0.1179,
20,NRB,0,0,0,0,0,0.0665,0,2,3.8408,0,0.5472,0,0,1,251.1017,0,0,-2.3161,11.999,0.2041,
21,NRB,0,1,0,0,0,0.0707,0,1,3.1689,0,0.3605,0,0,1,274.6788,0,0,-10.3071,11.9986,0.2657,
22,NRB,0,0,0,0,0,0.0821,0,0,3.446,0,0.6136,1.6494,0,0,269.3206,0,4.4581,27.281,11.9988,0.0962,
23,NRB,0,0,0,0,0,0.0752,0,0,0,0,0.6097,0,0,0,269.3206,0,0,-41.3093,11.9988,0.4305,
26,NRB,0,0,0,0,0,0.0461,0,0,0,0,0.4791,0,0,0,563.4627,0,0,-0,11.9989,1.473,
27,NRB,1,0,0,0,0,0.0385,0,0,7.1521,0,0.8293,0.9059,0,0,550.7403,0,0,-116.1889,11.9988,2.58,
28,NRB,0,0,0,0,0,0.0419,0,0,6.3332,0,0.8293,0.8444,0,0,536.2034,1,0,12.4019,11.9988,2.557,
29,NRB,0,0,0,0,0,0.0614,0,0,3.2189,0,1.0329,1.0798,0,0,273.9489,0,0,-172.905,11.9988,2.7775,
30,NRB,0,0,0,0,0,0.0614,0,0,2.1972,0,0.4496,0,0,0,273.9489,0,0,-185.0642,11.9988,1.8516,
33,NRB,1,0,0,0,0,0.0575,0,0,6.3058,0,0.7986,1.2891,0,0,306.2586,0,0,-60.8822,11.9988,0.8213,
34,RB,1,0,0,0,0,0.058,0,0,6.1725,0,0.7986,1.089,0,0,275.6984,0,0,-23.6075,11.9988,0.494,
37,RB,0,0,0,0,4,0.0871,1,0,2.8332,1,0.8759,1.0574,0,0,248.8064,0,3.3887,16.2878,11.9988,0.1179,
44,NRB,0,0,0,0,2,0.1006,0,0,1.6094,0,1.0308,0.9454,0,0,195.7394,0,0,-4.4948,11.9988,0,
45,NRB,1,0,0,0,0,0.0616,0,0,5.4329,0,0.7986,1.0989,0,0,235.149,0,0,0.3278,11.85,0.2357,
46,NRB,1,0,0,0,8,0.0479,0,2,6.4851,0,1.4101,1.0712,0,1,211.0267,0,0,1.2908,11.9,1.0798,
47,NRB,0,0,0,0,4,0.05,0,1,4.6335,0,0.8341,0.9599,0,1,207.4852,0,0,1.7473,11.9,0.422,
49,NRB,0,0,0,0,6,0.0749,0,0,2.3979,0,0.9525,0.8361,0,0,176.8825,0,0,2.2738,11.9,0.2357,
50,NRB,0,0,0,0,2,0.0627,0,0,3.9108,0,0.7986,0.9323,0,0,216.9177,1,0,-2.2475,11.9,0.1859,
51,NRB,0,0,0,0,2,0.0669,0,0,4.7218,0,0.9502,0.9984,0,0,226.9241,1,0,0.9633,11.85,0.2357,
52,RB,0,0,0,1,3,0.0617,0,0,5.3073,0,1.2216,1.1556,0,0,234.6209,1,0,2.6868,11.85,0.4448,
57,RB,0,0,0,0,2,0.0625,1,0,3.4965,1,0.748,1.9085,0,0,225.1184,0,1.1631,11.3647,11.89,0.3927,
58,NRB,0,0,0,0,1,0.0553,0,0,2.1972,0,0.799,0,0,0,199.2694,0,7.0231,-0.8236,11.89,0.4024,
64,NRB,0,0,0,0,0,0.0871,0,0,0,0,0.7628,0,0,0,188.057,0,6.5549,-3.1917,11.9,0.1667,
65,NRB,0,0,0,0,0,0.0542,0,0,1.6094,0,0.7007,0,0,0,189.4062,1,2.0674,-3.6713,11.9,0.3591,
66,NRB,1,0,0,0,0,0.0746,0,0,3.0564,0,0.6788,0.6333,0,0,227.3003,0,3.6528,-6.7259,11.85,0.1925,
67,RB,0,0,0,0,0,0.0871,0,0,0,0,0.6095,0,0,0,227.3003,0,1.8333,-7.5666,11.85,0.0962,
68,NRB,0,0,0,0,0,0.0871,0,1,0,0,0.4825,0,0,1,228.3679,0,1.7222,-12.7924,11.79,0.0745,
69,NRB,0,0,0,0,0,0.0871,0,1,0,0,0.4493,0,0,1,228.3679,0,1.7933,-9.1017,11.9885,0.0962,
73,RB,0,0,0,0,6,0.0826,0,0,2.7726,1,1.2581,1.0595,0,0,193.4175,0,2.8622,-6.9906,11.79,0.068,
75,NRB,0,0,0,0,3,0.0871,0,0,0,0,0.5467,1.0476,0,0,182.4845,0,1.7385,4.041,11.9,0.1179,
76,NRB,0,0,0,1,3,0.0798,0,0,2.5649,0,1.1697,1.3447,0,0,197.9396,0,4.4711,-10.2946,11.79,0.1827,
78,NRB,0,0,0,0,0,0.0752,1,2,0,0,0.5218,0,0,1,228.7082,0,0,-7.4867,11.85,0.1423,
80,NRB,1,0,0,0,5,0.0415,1,3,6.2408,0,1.3994,1.2221,0,1,250.0369,0,0,291.3608,11.9989,1.7235,
81,NRB,1,0,0,0,7,0.0426,1,3,6.3787,0,1.4824,1.4164,0,1,245.069,0,0,286.5644,11.9989,1.7914,
82,RB,0,0,0,1,6,0.049,0,2,3.8067,1,1.2085,1.0368,0,0,197.5351,1,0,-2.3465,11.9985,0.6588,
86,NRB,0,1,0,0,4,0.0539,1,0,4.6862,1,0.7986,0.6076,0,0,216.1807,1,0,-12.109,11.89,0.9569,
89,NRB,1,0,0,0,0,0.0447,0,0,4.3944,0,1.0694,0,0,0,209.4625,0,9.6951,1.0005,11.9,0.5194,
90,NRB,0,0,0,0,0,0.0625,0,0,3.7136,0,0.8304,0,0,0,199.2694,0,9.3626,-1.9113,11.9,0.3027,
92,RB,0,0,0,0,2,0.0603,1,0,4.1633,1,0.8113,0.9922,0,0,216.8719,1,0,-4.8035,11.9963,0.2504,
96,NRB,1,0,0,0,0,0.049,0,0,6.6313,0,0.9971,0,0,0,245.1382,0,0,-7.1059,11.9,0.35,
97,NRB,0,0,0,0,1,0.0437,0,0,2.7081,0,0.7229,0,0,0,190.6328,1,0,-4.1111,11.9,0.4553,
98,RB,1,0,0,0,0,0.0589,0,0,6.0187,0,0.7986,0.9059,0,0,245.1382,0,0,-3.0517,11.85,0.1667,
99,NRB,1,0,0,0,0,0.0487,0,1,7.2518,0,0.9574,1.2153,0,1,250.5566,0,0,-3.6036,11.9884,0.311,
100,NRB,1,0,0,0,0,0.0511,0,0,7.2698,0,1.0585,0.8287,0,0,251.8274,0,0,-4.2006,11.85,0.3333,
101,NRB,0,0,0,0,0,0.048,0,2,6.5324,0,1.2928,1.056,0,1,215.0037,0,0,0.5885,11.9,1.0175,
102,NRB,0,0,0,0,0,0.0669,0,2,4.3944,0,1.0189,1.286,0,0,180.4376,0,0,1.1024,11.9,0.2582,
103,RB,0,0,0,0,0,0.0616,0,1,3.0445,0,1.0189,0.9736,0,0,167.7901,0,0,-0.4501,11.9,0.2887,
107,NRB,0,0,0,0,0,0.0625,0,3,5.6452,0,0.5681,0,0,1,244.7473,0,0,-8.381,11.999,0.1367,
108,NRB,1,0,0,0,0,0.0483,0,1,7.2698,0,0.971,0.9407,0,1,254.785,0,0,-6.1636,11.85,0.2887,
109,NRB,1,0,0,0,0,0.0413,0,0,8.1493,0,1.0817,1.0156,0,0,272.5811,0,0,-4.2277,11.85,0.4345,
110,NRB,1,0,0,0,0,0.0496,0,0,7.3048,0,0.9561,0.9277,0,0,260.0031,0,0,-5.7558,11.85,0.311,
111,NRB,1,0,0,0,0,0.0483,0,0,7.2698,0,0.971,0.8858,0,0,282.269,0,0,-17.1435,11.998,0.4979,
116,NRB,0,0,0,0,0,0.0633,0,0,5.8856,0,0.6281,0,0,0,249.1022,0,0,-7.193,11.85,0.1667,
117,NRB,0,0,0,0,0,0.0633,0,1,5.8856,0,0.6257,0,0,1,251.3266,0,0,-8.6847,11.85,0.1479,
118,NRB,0,0,0,0,0,0.0625,0,1,5.6452,0,0.6521,0,0,1,282.8663,0,0,-22.3337,11.85,0.2413,
119,NRB,0,0,0,0,4,0.0417,1,3,4.8368,1,1.3363,0.7911,0,1,213.8069,1,0,7.3014,11.89,2.3326,
123,NRB,1,0,0,0,3,0.048,1,1,5.8929,1,1.4603,1.0761,0,0,201.7573,1,0,1.4874,11.89,1.097,
125,NRB,0,0,0,0,3,0.0632,0,2,3.3673,0,0.8342,0,0,0,177.6156,0,0,-9.3126,11.9,0.1825,
130,NRB,0,0,0,0,4,0.0515,0,2,6.3285,0,1.0189,1.2985,0,1,247.438,0,0,-7.0737,11.9944,0.8506,
131,NRB,0,0,0,0,8,0.0642,0,2,3.0445,0,1.0189,1.1893,0,0,199.948,0,0,-25.2316,11.9945,0.474,
145,RB,0,0,0,0,1,0.0664,1,0,2.5649,1,1.0189,1.0187,0,0,184.4747,1,0,-2.7788,11.89,0.3363,
146,RB,0,0,0,0,6,0.0689,1,0,2.7726,1,0.8834,2.0114,0,0,188.9989,0,0,-1.5884,11.89,1.644,
148,RB,0,0,0,0,2,0.0673,1,0,4.2019,1,0.7986,1.4885,0,0,218.5789,1,0,-7.0953,11.89,0.3363,
149,RB,0,0,0,0,3,0.0669,1,0,0,1,0.6597,1.287,0,0,196.2314,0,0,-8.8963,11.89,0.3363,
154,RB,0,0,0,0,2,0.0767,0,0,0,0,0.9365,2.0312,0,0,182.0196,0,2.35,-4.366,11.9,0.5526,
155,NRB,0,1,0,0,1,0.0767,0,0,0,0,0.6988,2.3375,0,0,241.8619,0,0,-10.0318,11.89,0.4491,
164,NRB,0,0,0,0,1,0.074,1,0,4.5231,0,0.7986,0.9872,0,0,226.7808,0,3.3727,-1.3897,11.89,0.2141,
165,NRB,1,1,0,0,2,0.0511,1,6,7.4536,0,1.7189,1.0637,0,1,252.773,0,0,4.5308,11.89,1.2724,
169,RB,1,0,0,0,2,0.0767,1,0,0,0,0.7986,1.5791,0,0,216.944,0,0,-7.8933,11.89,0.3521,
170,RB,0,0,0,0,1,0.0767,1,0,0,0,0.7028,1.0496,0,0,226.0882,1,0,-11.463,11.89,0.2599,
172,NRB,0,1,0,0,1,0.0707,1,0,3.1689,0,0.6866,0,0,0,254.4755,0,0,-9.8595,11.89,0.3379,
173,RB,0,0,0,0,2,0.068,1,0,0,1,0.2156,0,0,0,202.2908,1,0,-4.9501,11.89,0.268,
176,RB,0,0,0,0,2,0.0621,1,1,4.4271,0,0.9595,1.1252,0,1,212.5508,0,0,7.4275,11.89,0.4665,
177,NRB,1,0,0,0,3,0.058,1,1,4.5139,0,1.0742,0.9642,0,1,207.4852,0,0,3.4247,11.89,0.5997,
187,RB,0,0,0,0,1,0.0657,1,2,3.8408,0,0.7986,0.7487,0,1,209.6187,0,0,1.2095,11.89,0.2816,
190,RB,0,0,0,0,1,0.0694,1,1,3.9919,0,0.8085,0.6895,0,1,217.1992,1,0,-2.4673,11.89,0.2388,
192,NRB,0,0,0,0,1,0.0821,0,1,2.7842,0,0.7986,0.7367,0,1,198.6685,0,0,-0.0873,11.9935,0.1179,
195,RB,0,0,0,0,1,0.0689,1,0,4.343,1,0.7779,0.9358,0,0,234.566,1,0,-1.9039,11.89,0.2601,
196,RB,0,0,0,0,4,0.0846,1,0,0,1,0.7526,0.9057,0,0,184.149,0,0,-7.1001,11.89,0.2845,
203,NRB,1,0,0,0,5,0.0465,1,1,6.3855,1,1.7133,0.9975,0,0,208.8643,1,0,-4.8673,11.89,1.7928,
205,NRB,1,0,0,0,6,0.0507,1,0,5.2109,1,0.9837,1.4576,0,0,192.1442,1,0,6.7466,11.89,2.8292,
208,NRB,1,0,0,0,6,0.0439,0,3,7.7253,0,1.4971,1.2724,0,1,208.036,1,0,6.6819,11.999,2.9498,
209,NRB,1,0,0.2096,0,9,0.0506,0,0,4.925,0,1.2739,1.7905,0,0,178.2462,0,0,2.3878,11.89,4,
214,NRB,1,0,0,0,7,0.051,0,0,4.8081,0,1.0012,1.063,0,0,183.6962,1,0,5.6487,11.89,2.8181,
216,NRB,1,0,0.0804,0,3,0.0536,1,0,0,1,0.7986,1.4279,0,0,204.6904,1,0,1.3377,11.89,1.4623,
219,NRB,1,0,0,0,3,0.0413,1,0,6.8647,0,1.0769,1.2082,0,0,237.5952,0,0,5.4717,11.89,1.7241,
220,NRB,1,0,0.1237,0,3,0.0602,0,0,0,0,0.7603,0,0,0,195.4693,1,0,2.6291,11.89,1.4079,
222,NRB,1,0,0.4066,0,5,0.0731,1,0,2.7726,1,1.1431,0.9408,0,0,172.5225,1,0,5.5235,11.89,1.7374,
225,NRB,0,0,0.2927,0,3,0.0525,0,2,6.2506,0,0.872,1.2658,0,1,233.5876,0,0,2.0149,11.89,1.8267,
231,NRB,0,0,0,0,10,0.0554,0,0,3.0445,0,1.4422,0.3503,0,0,161.0867,1,0,2.7343,11.89,3.9175,
232,NRB,1,0,0,0,2,0.0447,0,0,6.0668,0,0.8139,1.2151,0,0,302.1871,1,0,85.1847,11.9988,2.1624,
233,NRB,1,0,0.0898,0,6,0.0465,0,0,6.4832,0,1.4754,1.1725,0,0,305.4035,1,0,80.7123,11.9988,3.2865,
235,NRB,1,0,0,0,2,0.0547,0,0,5.6684,0,0.7986,1.0321,0,0,220.6932,1,0,-6.7385,11.89,1.0657,
236,NRB,1,0,0,0,2,0.0499,0,2,6.2965,0,1.0428,0.7938,0,0,244.4106,1,0,-5.5283,11.89,1.0527,
237,NRB,1,0,0,0,6,0.0517,0,0,6.0746,0,1.3141,0.8496,0,0,205.4977,1,0,-6.6231,11.89,1.0527,
238,NRB,1,0,0,0,4,0.0484,0,1,6.8752,0,1.7371,0.8618,0,1,224.3938,0,0,-4.9179,11.89,2,
240,NRB,1,0,0.1192,0,2,0.0527,0,0,5.0296,0,1.2349,0.913,0,0,216.9731,0,0,-0.5046,11.89,1.2488,
253,NRB,1,0,0,0,5,0.0517,1,0,5.877,1,1.4508,0.6387,0,0,211.269,1,2.1823,6.7789,11.89,1.7461,
265,NRB,1,0,0,0,3,0.0375,1,0,5.2257,1,1.1478,1.4474,0,0,203.9405,1,4.3331,0.5755,11.89,1.6941,
267,NRB,1,0,0,0,6,0.0448,0,0,6.8048,0,1.4176,0.7135,0,0,196.7777,0,0,1.7849,11.89,1.2492,
268,RB,1,0,0,0,3,0.0767,0,0,0,0,1.0189,1.2429,0,0,161.8948,0,0,-2.8534,11.89,0.7887,
269,RB,1,0,0,0,3,0.0767,0,0,0,0,0.7986,1.5771,0,0,194.5976,0,0,-5.1772,11.89,0.5516,
270,NRB,1,0,0,0,3,0.0696,0,0,1.0986,0,1.0241,1.2717,0,0,163.6527,1,0,-0.9194,11.89,0.8635,
271,NRB,1,0,0,0,3,0.0696,0,0,2.7842,0,0.8109,1.6358,0,0,195.4693,1,0,-2.0369,11.89,0.6032,
275,RB,1,0,0,0,3,0.0663,0,0,0,0,0.7986,1.4922,0,0,195.4693,1,0,-5.0712,11.89,0.5028,
279,NRB,1,0,0,0,2,0.0546,0,0,4.9372,0,1.018,1.1538,0,0,195.6525,0,0,-4.0327,11.89,0.7041,
281,NRB,1,0,0,0,4,0.049,0,0,6.5396,0,1.2248,0.5564,0,0,205.4985,0,0,-0.6558,11.89,0.8884,
289,NRB,0,0,0,0,6,0.0548,0,4,3.4965,0,1.3314,0.9252,0,0,182.1072,0,0,6.6745,11.89,1.868,
291,NRB,0,0,0,0,3,0.0565,0,2,5.8684,0,1.2956,1.1251,0,1,201.2714,0,0,4.1615,11.89,0.8624,
296,NRB,1,0,0,0,8,0.0801,0,0,3.2189,0,1.6373,1.2072,0,0,159.0511,0,0,0.746,11.89,1.9712,
298,RB,1,0,0,0,3,0.0979,0,0,1.3863,0,0.9309,0.9049,0,0,155.6182,1,0,1.597,11.89,0.4082,
300,RB,1,0,0,0,6,0.064,1,0,5.0284,1,1.5195,1.005,0,0,183.0906,1,0,5.5293,11.89,1.0442,
303,NRB,0,0,0,0,6,0.0934,0,0,1.6094,0,0.9457,0.9365,0,0,155.6182,0,0,3.9872,11.89,0.8165,
305,NRB,0,0,0,0,7,0.0744,0,1,1.6094,0,0.7957,0.1712,0,0,162.0838,0,0,2.3109,11.89,0.5664,
311,NRB,1,0,0,0,4,0.0401,1,2,7.0598,0,1.4494,1.1903,0,1,218.9911,0,0,11.2949,11.89,1.0931,
312,NRB,0,0,0,0,2,0.0568,0,2,5.7786,0,0.9809,0.8879,0,1,211.3968,0,0,2.9827,11.89,0.5387,
317,NRB,0,0,0,0,5,0.0589,0,0,0,1,0.7603,1.8101,0,0,169.6799,0,0,11.8505,11.89,1.3821,
321,NRB,1,0,0,0,3,0.0435,0,0,7.0908,0,1.7359,0.9929,0,0,227.1215,1,0,-4.6061,11.89,1.0362,
322,NRB,1,0,0,0,3,0.0513,0,0,5.6684,0,1.1828,0.807,0,0,215.7582,0,0,-5.3173,11.89,0.6349,
324,NRB,1,0,0,0,1,0.0542,0,0,5.5576,0,0.8116,0.9403,0,0,226.9241,1,0,-6.61,11.89,0.3884,
325,NRB,1,0,0.4751,0,9,0.0613,0,0,2.3026,0,1.2608,1.9107,0,0,156.6624,0,0,8.0702,11.89,4.6171,
326,NRB,1,0,0,0,3,0.049,0,0,6.2965,0,1.4532,1.0016,0,0,219.4517,0,0,-4.5725,11.89,0.8835,
328,NRB,1,0,0.2032,0,4,0.0566,1,0,4.6599,0,0.8238,1.1926,0,0,193.3515,0,1.0116,0.6049,11.89,1.6869,
329,RB,0,0,0,0,3,0.0971,0,0,0,0,0.9331,1.4438,0,0,171.2384,0,4.2905,-0.9758,11.89,0.5244,
331,NRB,0,0,0,1,6,0.0601,0,0,1.3863,0,1.0693,1.2578,0,0,209.8689,0,0,-25.0981,11.9985,0.6827,
342,NRB,1,0,0,0,1,0.0548,1,1,4.7218,1,0.8108,0.9354,1,0,205.2905,1,0,-4.3156,11.85,0.9199,
343,NRB,0,0,0,0,1,0.0752,0,1,0,0,0.69,0,0,1,198.6685,0,0,-5.1144,11.89,0.2629,
349,NRB,0,0,0,0,3,0.0378,1,3,5.5759,1,1.3659,0.881,0,0,203.6383,1,0,0.2985,11.9,1.6255,
353,NRB,0,0,0,0,10,0.0708,0,2,2.8332,0,1.4,0.8615,0,0,159.1559,0,0,6.4387,11.89,1.0465,
360,NRB,1,0,0,0,5,0.0825,0,0,1.6094,0,1.1252,1.3368,0,0,161.8948,0,4.4619,3.0747,11.89,0.9326,
364,NRB,1,0,0.3847,0,3,0.0456,0,0,1.9459,0,0.9062,0,0,0,174.2486,1,0,-5.1501,11.89,1.7067,
365,NRB,1,0,0.4751,0,2,0.0498,0,0,0,0,0.8963,0,0,0,182.0196,0,0,-9.8126,11.89,1.2181,
367,RB,1,0,0.3814,0,3,0.0466,0,0,1.0986,0,0.9658,0,0,0,172.7954,1,0,-13.2358,11.89,1.6903,
373,RB,0,0,0,0,3,0.0569,1,1,4.9358,0,1.0401,1.3402,0,1,233.0746,0,0,-11.8103,11.89,0.3895,
375,NRB,0,0,0,0,1,0.0523,1,0,4.0431,1,0.8043,0.8135,0,0,216.8937,1,2.0149,-1.7817,11.89,0.5361,
376,RB,1,0,0.6377,0,3,0.0521,0,0,1.6094,0,0.8496,0,0,0,182.0196,0,2.4346,-5.9142,11.89,1.3237,
378,NRB,0,0,0,0,1,0.0518,1,2,5.1891,0,0.7986,1.1206,0,1,228.2185,0,0,2.8913,11.85,0.3472,
379,NRB,0,0,0,0,1,0.0461,0,0,0,0,0.4332,0,0,0,438.3275,0,0,-102.4103,11.89,1.3525,
382,NRB,0,1,0,0,1,0.0752,0,0,0,0,0.4201,0,0,0,277.2708,0,0,-53.7335,11.9986,0.4523,
383,NRB,0,0,0,0,1,0.0504,1,0,4.0073,1,0.9905,0,0,0,216.8937,1,3.9233,-1.0608,11.89,0.5028,
386,NRB,0,0,0,0,3,0.0532,0,0,4.3393,0,0.8099,1.039,0,0,266.0669,1,0,0.5257,11.9,0.8724,
392,NRB,1,0,0,0,3,0.0634,0,1,0,0,0.7196,0,0,1,193.872,0,0,-10.1636,11.89,0.5275,
393,NRB,1,1,0,0,2,0.0634,0,1,0,0,0.5981,0,0,1,222.3129,0,0,-6.1084,11.89,0.5468,
394,NRB,1,0,0,0,3,0.0634,0,0,0,0,0.653,0,0,0,200.0476,1,0,-10.0211,11.89,0.5112,
398,NRB,1,0,0,0,8,0.0466,0,0,7.1171,0,1.2662,1.0307,0,0,211.3675,1,0,-4.7948,11.9,1.0818,
400,NRB,0,0,0,0,1,0.0552,0,2,4.2391,0,0.584,1.0767,0,1,235.9852,1,0,-6.2887,11.999,0.4202,
404,NRB,0,1,0,0,1,0.0721,0,1,0,0,0.5241,0,0,1,232.9749,0,0,-8.8097,11.9986,0.4167,
406,NRB,0,1,0,0,2,0.0687,1,0,4.3095,1,0.7798,1.0814,0,0,238.3886,1,0,-6.2397,11.9985,0.4568,
407,NRB,0,1,0,0,1,0.0535,0,1,3.6628,0,0.8597,0.9253,0,1,247.9297,0,0,-17.1574,11.9986,0.688,
408,NRB,0,1,0,0,1,0.0721,0,1,0,0,0.4407,0,0,1,232.9749,0,0,-25.8658,11.9986,0.4042,
410,NRB,1,0,0,0,3,0.0538,0,0,0,0,0.7798,0,0,0,200.7582,1,0,-18.3822,11.89,0.5148,
411,NRB,1,0,0,0,8,0.0479,0,0,6.3598,0,1.503,1.4176,0,0,205.0808,1,0,2.1965,11.89,3.4157,
414,RB,0,0,0,0,5,0.0703,1,0,2.5649,1,0.9533,1.341,0,0,180.3412,0,0,-3.292,11.89,0.4143,
415,RB,1,0,0,0,2,0.055,0,0,6.2076,0,0.8962,0.7667,0,0,227.3003,0,0,-8.6476,11.89,0.4553,
421,NRB,1,0,0,0,3,0.0721,0,0,0,0,0.7718,0,0,0,199.2694,0,0,-9.8315,11.89,0.4553,
427,RB,0,0,0,0,1,0.0859,1,0,0,0,0.7508,0.3696,0,0,226.6586,0,0.8467,-2.5984,11.89,0.2629,
428,RB,0,0,0,0,3,0.0767,0,0,0,0,0.9199,2.0312,0,0,182.0196,0,2.353,-6.304,11.9,0.5791,
429,RB,1,0,0,0,3,0.069,0,0,0,0,0.9381,1.9027,0,0,172.7954,1,2.2561,-2.8384,11.9,1.1189,
430,NRB,0,0,0,0,1,0.0767,0,1,0,0,0.7115,0.8369,0,1,226.9588,0,0,-2.474,11.89,0.2845,
431,RB,1,0,0,0,2,0.0767,0,0,0,0,1.0189,1.4438,0,0,171.2384,0,0,-3.0458,11.9,0.6371,
432,RB,0,0,0,0,1,0.0767,1,0,0,1,0.7672,0.9736,0,0,226.0882,1,0,-4.5364,11.89,0.2956,
434,RB,0,0,0,0,1,0.069,0,0,0,0,0.7986,1.3084,0,0,261.9852,0,0,-10.8335,11.999,0.7186,
436,RB,0,0,0,0,1,0.0767,0,0,0,0,0.7515,0.9034,0,0,235.7137,0,0,-8.3509,11.89,0.3903,
437,NRB,0,0,0,0,1,0.069,0,1,0,0,0.7986,1.0391,0,0,225.8622,0,0,-9.7332,11.89,0.5228,
438,RB,0,0,0,0,1,0.069,0,0,0,0,0.7986,0.8992,0,0,234.6967,0,0,-8.4186,11.89,0.477,
441,NRB,0,0,0,0,1,0.0652,0,1,0,0,0.7148,0.8875,0,1,226.3717,1,0,-10.371,11.89,0.3267,
442,NRB,0,0,0,0,1,0.0597,0,1,4.7441,0,0.7325,0.8121,0,1,243.0595,0,0,-17.8528,11.89,0.5589,
445,NRB,0,1,0,0,1,0.0721,0,0,0,0,0.4194,0,0,0,277.2708,0,0,-11.8563,11.89,0.497,
447,NRB,1,0,0,0,2,0.0721,0,1,0,0,0.5981,0,0,1,198.6685,0,0,-9.8283,11.89,0.3943,
448,NRB,0,0,0,0,1,0.0546,0,1,3.6628,0,0.6138,0,0,1,225.4112,0,0,-4.7416,11.89,0.5467,
450,NRB,0,0,0,0,2,0.0721,0,1,0,0,0.6565,0,0,1,198.6685,0,0,-9.9049,11.89,0.3849,
451,NRB,0,0,0,0,1,0.0721,0,2,0,0,0.6291,0,0,1,198.0044,0,0,-9.344,11.89,0.3239,
452,NRB,0,0,0,0,1,0.0508,0,3,7.1704,0,1.184,0.9453,0,1,249.5275,1,0,1.3776,11.89,0.6092,
453,RB,1,0,0,0,2,0.0721,0,0,0,0,0.4994,0,0,0,206.0718,1,0,-9.86,11.89,0.3756,
454,NRB,0,0,0,0,1,0.0594,0,1,3.1689,0,0.4773,0,0,1,226.3717,1,0,3.3812,11.89,0.3333,
455,NRB,1,0,0.0239,0,4,0.0546,0,0,3.1689,0,0.7603,0,0,0,191.872,1,0,3.1957,11.89,1.5534,
459,NRB,0,1,0,0,1,0.0721,0,0,0,0,0.4527,0,0,0,243.9104,1,0,-19.1696,11.89,0.3825,
460,NRB,0,0,0,0,1,0.0594,0,1,3.1689,0,0.5858,0,0,1,226.3717,1,0,-2.2545,11.89,0.3209,
461,NRB,1,0,0,1,6,0.05,0,0,6.3724,0,1.3328,0.9042,0,0,222.6073,1,0,3.6255,11.89,1.2822,
462,RB,0,0,0,1,3,0.0502,0,0,6.1458,0,1.3399,1.2737,0,0,234.2331,1,0,1.9996,11.89,0.8868,
463,NRB,0,0,0,1,1,0.051,0,0,6.0862,0,1.307,1.1716,0,0,244.8191,1,0,1.067,11.89,0.5535,
464,NRB,1,0,0.4531,0,5,0.0361,1,0,5.273,0,1.3156,1.0028,0,0,186.9172,0,0,-5.3259,11.89,2.1781,
466,NRB,1,0,0,0,1,0.0388,0,0,8.4409,0,1.2596,1.1562,0,0,253.8161,0,0,-6.2911,11.89,0.7668,
470,NRB,1,0,0,0,3,0.0752,0,0,0,0,0.8716,0,0,0,199.2694,0,0,-16.3171,11.89,0.4137,
475,RB,1,0,0,0,1,0.067,1,0,0,1,0.5028,0,0,0,226.0882,1,0,-0.9756,11.89,0.2956,
477,NRB,0,0,0,0,2,0.0605,0,1,3.1689,0,0.8303,0,0,1,217.1992,0,0,-11.0302,11.89,0.3714,
479,NRB,1,0,0,0,1,0.0527,0,0,6.4234,0,1.1812,1.1293,0,0,232.0861,0,0,-2.9348,11.89,0.5705,
485,NRB,1,0,0,0,1,0.0596,0,0,6.0187,0,0.7488,0,0,0,236.644,0,0,-8.3169,11.89,0.2998,
488,RB,0,0,0,0,2,0.0833,0,0,0,0,0.5993,0,0,0,205.4985,0,0,-14.1991,11.89,0.2887,
492,NRB,0,0,0,0,5,0.049,0,1,4.7712,0,1.0851,1.0857,0,1,203.3406,0,0,-0.5165,11.9,0.5564,
493,NRB,0,0,0,0,2,0.0582,0,3,5.3184,0,1.0864,0.7436,0,1,217.4606,0,0,-4.7766,11.89,0.4955,
496,RB,0,0,0,1,3,0.049,0,0,6.2071,0,1.287,1.0111,0,0,234.2331,1,0,0.4973,11.89,0.7925,
497,NRB,0,0,0,0,1,0.0643,0,0,3.6628,0,0.6484,0,0,0,234.6967,0,0,-22.1404,11.89,0.441,
498,NRB,0,0,0,0,1,0.0643,0,1,3.6628,0,0.6669,0,0,0,225.8622,0,0,-21.7323,11.89,0.4868,
505,RB,0,0,0,0,2,0.0607,1,1,3.6628,0,0.708,0.4451,0,1,217.1607,1,0.5095,-11.0316,11.89,0.3419,
506,NRB,0,0,0,0,3,0.0698,0,3,3.27,0,0.6372,0.321,0,0,199.9986,0,0,-9.0675,11.89,0.2703,
509,NRB,0,0,0,0,8,0.0639,0,0,2.5649,1,1.0948,1.2067,0,0,169.6799,0,0,-7.2861,11.89,0.3849,
516,NRB,0,0,0,0,6,0.0668,0,3,4.2905,0,1.3553,0.5464,0,0,196.3605,0,0,-0.6355,11.89,1.3264,
518,RB,0,0,0,0,1,0.0711,1,0,2.7842,0,0.7986,0.6661,0,0,216.944,0,0,-11.855,11.89,0.1555,
521,NRB,0,1,0,0,7,0.0523,1,5,6.7292,1,1.4588,1.1292,0,1,222.3281,0,0,-6.7669,11.89,0.908,
522,NRB,0,1,0,0,7,0.0523,1,5,6.7292,1,1.4588,1.1292,0,1,222.3281,0,0,-6.7669,11.89,0.908,
523,NRB,0,1,0,0,1,0.0613,1,1,4.3647,0,0.801,1.0354,0,1,252.6842,0,0,-14.2538,11.89,0.4828,
531,NRB,1,0,0,0,2,0.0531,0,2,5.1393,0,1.0525,0.8751,0,1,212.9916,1,0,-0.9887,11.999,0.5633,
532,NRB,1,0,0,0,2,0.0686,0,0,2.7842,0,0.7986,0.7959,0,0,195.4693,1,0,-6.9512,11.89,0.3749,
533,NRB,1,0,0,0,4,0.057,0,0,4.5939,0,1.028,0.8791,0,0,196.9094,1,0,-5.1272,11.9,0.4862,
534,NRB,1,0,0,0,4,0.0524,0,0,4.5473,0,1.047,1.0462,0,0,184.5803,1,0,-4.1258,11.89,0.6308,
536,NRB,1,0,0,0,2,0.0617,0,1,4.566,1,1.0342,1.0498,0,0,196.4601,1,0,-5.2048,11.9934,0.388,
545,NRB,0,0,0,0,8,0.0515,0,0,2.3026,0,1.0979,1.3922,0,0,162.1473,0,0,-4.3246,11.89,1.4142,
547,NRB,0,0,0,0,4,0.0679,1,0,3.6889,1,1.4326,1.2431,0,0,201.775,0,3.0593,-8.5537,11.79,0.8514,
551,NRB,1,0,0,0,8,0.0457,1,2,6.4112,0,1.5753,1.3191,0,1,205.5888,1,0,5.1267,11.89,3.008,
555,NRB,1,0,0,0,1,0.0492,1,2,5.263,0,0.8796,0.849,0,0,227.2762,0,0,-2.8611,11.89,0.5641,
558,NRB,1,0,0,0,2,0.0752,0,0,0,0,0.7986,1.3143,0,0,194.5976,0,0,-10.0888,11.89,0.2357,
560,NRB,1,0,0,0,1,0.0561,0,0,6.2633,0,0.8767,1.1126,0,0,227.3003,0,0,-6.262,11.89,0.2845,
561,RB,0,0,0,0,1,0.0859,0,0,0,0,0.703,0.7087,0,0,206.0718,1,0,-9.6159,11.89,0.1924,
562,NRB,1,0,0,0,1,0.0432,1,0,6.7569,0,1.0705,1.2797,0,0,252.7352,0,0,-1.8523,11.89,0.5086,
563,NRB,1,0,0,0,1,0.0746,0,0,2.4092,0,0.7152,0.5662,0,0,209.4625,0,1.8742,-7.2182,11.89,0.2141,
564,NRB,1,0,0,0,3,0.0526,0,0,6.6698,0,1.3376,0.9848,0,0,207.6787,0,0,-3.2392,11.89,0.5202,
566,NRB,1,0,0,0,2,0.0746,0,0,1.8021,0,0.7289,0.4929,0,0,194.5976,0,0,-7.5666,11.89,0.2357,
569,NRB,0,0,0,0,1,0.0871,0,0,0,0,0.8638,0,0,0,161.8948,0,0,-3.2028,11.9,0.2041,
570,NRB,0,0,0,0,1,0.0702,0,1,3.446,0,0.7154,0,0,1,217.1992,0,0,-6.8772,11.89,0.2041,
575,NRB,1,0,0,0,8,0.032,1,4,8.2314,1,1.7856,1.0567,1,1,206.8838,1,4.106,1.185,11.89,3.5201,
576,NRB,1,0,0,0,8,0.032,1,4,8.2731,1,1.7856,1.0362,1,1,209.9968,1,4.5816,1.433,11.9,3.4655,
584,RB,0,0,0,0,1,0.0821,0,0,2.7842,0,0.7986,0.6481,0,0,199.2694,0,0,-2.154,11.89,0.1179,
590,RB,0,0,0,0,8,0.0663,1,0,4.0943,1,1.4982,0.893,0,0,172.1384,1,0,-1.1279,11.89,0.6952,
593,RB,0,0,0,0,4,0.0813,1,0,1.9459,1,1.0757,1.097,0,0,172.1896,1,0,-3.8943,11.89,0.4226,
594,RB,0,0,0,0,3,0.0906,1,0,1.7918,1,1.0678,0.9649,0,0,173.1255,1,1.2148,-3.3623,11.79,0.2522,
597,RB,0,0,0,0,6,0.0614,1,0,5.1995,1,1.4281,0.9497,0,0,185.0174,1,0,2.4532,11.89,0.6359,
598,NRB,0,0,0,0,6,0.0666,1,0,3.912,1,1.4292,0.9544,0,0,178.2278,1,0,4.6882,11.999,0.8737,
600,RB,0,0,0,0,6,0.08,1,0,3.2189,1,1.4354,0.9641,0,0,168.9478,1,0,-1.5939,11.89,0.5261,
601,RB,0,0,0,0,6,0.082,1,0,3.3322,1,1.5106,0.9692,0,0,168.1234,1,0,-1.2624,11.89,0.5261,
604,NRB,0,0,0,1,6,0.0735,0,0,2.7726,0,1.4204,0.9247,0,0,165.6391,1,0,0.6443,11.89,0.7107,
605,NRB,0,0,0,1,6,0.0776,0,0,2.9444,0,1.4222,0.8983,0,0,166.5454,1,0,0.1637,11.89,0.604,
606,NRB,0,0,0,1,3,0.0567,0,0,5.6104,0,1.4364,0.9367,0,0,207.1527,1,0,3.7849,11.89,0.5229,
607,NRB,0,0,0,1,9,0.0688,0,0,3.7612,0,1.465,0.9955,0,0,165.1502,1,0,1.1999,11.89,0.795,
609,NRB,1,0,0,0,1,0.0704,1,0,3.8408,0,0.8422,0.9357,0,0,204.2404,0,0.8786,-1.4084,11.89,0.2141,
610,NRB,1,0,0,0,1,0.0495,0,0,6.8083,0,1.2068,1.1071,0,0,225.6625,0,0,-0.7063,11.89,0.5949,
611,NRB,0,0,0,0,1,0.0796,0,0,3.27,0,0.7986,0.9036,0,0,194.5976,0,0,-1.6815,11.89,0.1179,
614,RB,0,0,0,0,2,0.1013,1,0,1.3863,0,1.1139,1.1242,0,0,163.4976,0,0,-0.0931,11.89,0.1021,
616,RB,0,0,0,0,1,0.1052,1,0,1.0986,1,0.8205,0.9712,0,0,177.337,1,1.1749,-1.331,11.89,0.0589,
618,NRB,0,0,0,0,6,0.0699,0,0,2.7726,0,1.5018,1.2162,0,0,183.8032,0,0,-1.5183,11.999,3.0816,
621,RB,1,0,0,0,1,0.06,1,0,3.0445,1,1.2277,1.0912,0,0,179.9667,1,0,-2.8257,11.89,0.4268,
622,NRB,1,0,0,0,1,0.0439,1,0,6.8457,0,1.2524,1.1928,0,0,231.7721,0,0,3.4148,11.89,0.5086,
625,RB,0,0,0,0,1,0.1021,1,0,0,1,0.604,0.7362,0,0,166.6336,1,0,0.4459,11.89,0.0645,
626,NRB,1,0,0,0,3,0.0511,1,2,6.0094,1,1.4457,1.0472,0,1,203.0857,1,2.5915,5.7116,11.89,0.6065,
629,RB,0,0,0,0,1,0.0856,1,0,2.7081,1,1.4562,0.9612,0,0,164.763,1,0,-0.0098,11.89,0.1936,
630,RB,1,0,0,0,1,0.0783,0,0,4.1411,0,1.5047,0.9675,0,0,181.5552,1,4.7463,0.2833,11.89,0.1924,
631,NRB,1,0,0,0,1,0.0555,0,1,6.6934,0,1.3213,0.9745,0,0,218.1194,0,0,-1.2691,11.89,0.3679,
632,RB,0,0,0,0,2,0.125,0,0,0,0,0.7702,0.8359,0,0,151.8324,0,0,-0.2653,11.89,0,
633,RB,0,0,0,0,5,0.0823,1,1,2.3026,0,1.2025,0.8946,0,0,164.6776,0,0,-0.7268,11.89,0.1764,
635,RB,0,0,0,0,1,0.057,1,1,5.0791,1,1.1713,1.0229,0,0,242.2727,1,0,88.4926,11.9988,0.7602,
636,NRB,0,0,0,0,1,0.1128,0,0,1.0986,0,0.877,0.8667,0,0,161.8948,0,2.0059,-0,11.89,0,
637,RB,0,0,0,0,2,0.1128,0,0,0.6931,0,0.9082,0.8772,0,0,152.8733,0,0,-0.2011,11.89,0,
640,RB,0,0,0,0,5,0.0828,1,1,2.3979,0,1.2025,0.9076,0,0,164.4879,0,0,-0.5375,11.89,0.1764,
641,RB,0,0,0,0,1,0.0979,1,0,1.6094,1,0.9074,0.8731,0,0,165.6531,1,0,0.3132,11.89,0.0645,
643,RB,0,0,0,0,1,0.0905,1,0,3.1355,1,1.4525,0.9728,0,0,168.3968,1,4.7059,-1.7253,11.89,0.0589,
644,RB,0,0,0,0,3,0.0698,1,0,3.7842,1,1.5572,0.9963,0,0,173.3843,1,4.6243,-0.0112,11.89,0.4344,
645,RB,0,0,0,0,3,0.0904,1,0,3.2581,1,1.5444,1.0165,0,0,167.5102,1,4.7255,-0.2447,11.89,0.0589,
646,NRB,0,0,0,0,1,0.0918,1,1,3.091,0,1.4554,0.9721,0,0,166.7444,0,4.6968,0.0286,11.89,0.0833,
648,NRB,1,0,0,0,1,0.077,1,0,3.5835,1,1.5214,0.9774,0,0,176.948,1,4.7188,0.3554,11.89,0.2514,
650,NRB,0,0,0,0,2,0.094,0,1,2.9957,0,1.4561,0.973,0,0,161.0128,0,4.7918,0.0139,11.89,0,
652,RB,0,0,0,0,4,0.0853,1,0,4.1109,1,1.6684,0.9903,0,0,169.9823,1,9.4936,-0.357,11.89,0.1179,
654,NRB,1,0,0,0,2,0.0617,0,1,6.0826,0,1.6491,0.9475,0,1,186.6443,0,0,0.0058,11.89,0.4024,
655,NRB,1,0,0,0,1,0.0742,0,0,3.8777,0,1.1494,0.9379,0,0,184.5803,1,0,-1.2473,11.89,0.1924,
657,RB,0,0,0,0,2,0.1067,0,0,1.0986,0,1.0211,0.9018,0,0,153.7191,0,0,-0.1576,11.89,0,
659,RB,0,0,0,0,1,0.0963,1,0,1.7918,1,1.02,0.8999,0,0,165.3008,1,0,0.2657,11.89,0.0645,
661,NRB,1,0,0,0,13,0.0748,0,0,4.8452,0,1.4977,1.1707,0,0,182.4147,1,0,-0.7896,11.89,0.3644,
662,NRB,1,0,0,1,3,0.0595,0,0,6.3653,0,1.6721,1.0169,0,0,190.2457,1,0,2.9212,11.89,0.649,
665,RB,0,0,0,0,1,0.0952,1,0,1.9459,1,1.1129,0.9175,0,0,165.0089,1,0,0.2275,11.89,0.0645,
666,RB,0,0,0,0,2,0.1006,0,0,1.6094,0,1.1907,0.9299,0,0,155.01,0,0,-0.1043,11.89,0,
669,RB,0,0,0,0,4,0.0766,1,2,3.0445,1,1.4615,0.9449,0,0,167.1581,0,0,3.6688,11.89,1.7793,
671,RB,0,0,0,0,1,0.0919,1,0,2.1972,1,1.2166,0.9391,0,0,164.5531,1,0,-2.3565,11.89,0.0589,
672,RB,0,0,0,0,3,0.0661,1,0,3.4012,1,1.4218,0.9802,0,0,172.043,1,0,-0.0231,11.89,0.4344,
674,RB,0,0,0,0,2,0.0832,1,0,3.2958,1,1.5886,0.9691,0,0,168.376,1,0,1.2032,11.89,0.1179,
675,NRB,1,0,0,0,4,0.059,1,1,4.4659,1,1.6143,1.0007,0,0,173.3488,1,0.5733,2.9507,11.89,0.9385,
676,RB,0,0,0,0,2,0.0895,0,1,2.1972,0,1.3341,0.9572,0,0,156.437,0,0,1.1351,11.89,0.5,
680,RB,1,0,0,0,1,0.0653,0,0,4.4551,0,1.4619,0.9767,0,0,188.4955,0,0,-0.192,11.89,0.4282,
681,RB,1,0,0,0,1,0.0769,0,1,3.9572,0,1.407,0.9489,0,1,176.6043,0,0,-1.0401,11.89,0.2141,
682,NRB,1,0,0,0,1,0.0769,0,0,3.9572,0,1.4032,0.9487,0,0,179.0246,1,0,-0.8531,11.89,0.1924,
683,RB,1,0,0,0,1,0.08,0,0,3.8191,0,1.403,0.9434,0,0,178.2462,0,0,-0.6306,11.89,0.1179,
685,RB,0,0,0,0,5,0.0844,1,1,2.7726,0,1.4386,0.9436,0,0,163.8286,0,0,-0.0794,11.89,0.1764,
686,NRB,0,0,0,0,2,0.0965,0,0,2.0794,0,1.3544,0.9509,0,0,156.3284,0,0,-0.0637,11.89,0,
687,RB,0,0,0,0,1,0.0957,0,0,2.3026,0,1.3912,0.9476,0,0,161.8948,0,2.038,-0,11.89,0,
689,RB,0,0,0,0,3,0.0687,1,0,3.5264,1,1.5305,0.9873,0,0,170.3033,1,0,0.2,11.89,0.4344,
693,RB,0,0,0,0,2,0.0945,0,0,2.3979,0,1.4561,0.9622,0,0,157.223,0,0,-0.0429,11.89,0,
694,NRB,0,0,0,0,2,0.088,1,0,3.4657,0,1.656,0.9837,0,0,162.4089,0,0,-0.0055,11.89,0.1021,
695,RB,0,0,0,0,5,0.0852,1,1,2.9957,0,1.5272,0.9574,0,0,163.5018,0,0,0.049,11.89,0.1764,
697,RB,0,0,0,0,1,0.0893,1,1,2.7726,0,1.4737,0.9726,0,0,162.8719,0,0,0.3085,11.89,0.0722,
698,RB,0,0,0,0,1,0.0918,1,0,2.6391,1,1.4558,0.9635,0,0,163.8411,1,0,0.0963,11.89,0.0645,
700,RB,0,0,0,0,4,0.0849,1,0,3.7136,1,1.669,0.968,0,0,166.0293,1,0,-0.0149,11.89,0.1179,
704,RB,0,0,0,0,2,0.0858,0,0,2.7726,0,1.4753,0.9644,0,0,162.7882,1,0,0.0462,11.89,0.1179,
705,RB,0,0,0,0,2,0.0936,0,0,2.5649,0,1.5036,0.9672,0,0,157.6751,0,0,-0.0342,11.89,0,
706,RB,0,0,0,0,2,0.0933,0,0,2.6391,0,1.5231,0.9692,0,0,157.8698,0,0,-0.0308,11.89,0,
707,RB,0,0,0,0,2,0.093,0,0,2.7081,0,1.5403,0.971,0,0,158.0474,0,0,-0.0279,11.89,0,
709,NRB,0,0,0,0,1,0.091,1,0,2.8904,1,1.5402,0.9724,0,0,163.4976,1,0,0.0666,11.89,0.0645,
710,RB,0,0,0,0,2,0.0927,0,0,2.7726,0,1.5556,0.9726,0,0,158.21,0,0,-0.0254,11.89,0,
711,RB,0,0,0,0,2,0.0925,0,0,2.8332,0,1.5693,0.974,0,0,158.3594,0,0,-0.0232,11.89,0,
714,RB,0,0,0,0,2,0.0917,0,0,3.0445,0,1.6115,0.9785,0,0,158.8527,0,0,-0.0168,11.89,0,
715,NRB,0,0,0,0,3,0.0884,1,0,3.2958,1,1.6134,0.9846,0,0,163.6527,1,0,-0.003,11.89,0.0589,
716,NRB,0,0,0,0,2,0.0916,0,0,3.091,0,1.6197,0.9794,0,0,158.9552,0,0,-0.0156,11.89,0,
717,RB,0,0,0,0,2,0.0914,0,0,3.1355,0,1.6272,0.9802,0,0,159.0511,0,0,-0.0145,11.89,0,
719,RB,0,0,0,0,2,0.091,0,0,3.2958,0,1.6512,0.9829,0,0,159.3792,0,0,-0.0112,11.89,0,
720,RB,0,0,0,0,2,0.0909,0,0,3.3322,0,1.656,0.9835,0,0,159.4497,0,0,-0.0105,11.89,0,
723,RB,0,0,0,0,2,0.0907,0,0,3.434,0,1.6685,0.985,0,0,159.6394,0,0,-0.0089,11.89,0,
726,RB,0,0,0,0,2,0.0919,0,0,2.9957,0,1.5926,0.9796,0,0,159.3377,1,0,0.0096,11.89,0,
729,RB,0,0,0,0,2,0.0936,0,1,2.5649,0,1.4883,0.9712,0,0,156.7962,0,0,-0.0077,11.89,0,
730,NRB,0,0,0,0,2,0.0916,0,1,2.6391,0,1.4916,0.9734,0,0,157.0352,0,0,0.6677,11.89,0.3162,
734,RB,0,0,0,0,3,0.0881,1,0,2.9444,1,1.5566,0.9677,0,0,167.5102,1,0,-1.4366,11.89,0.2184,
735,NRB,1,0,0,0,8,0.0567,1,0,5.6156,1,1.6092,1.1018,0,0,173.9946,1,0,2.5459,11.89,2.877,
736,NRB,0,0,0,0,6,0.0862,1,0,3.912,1,1.6707,0.9916,0,0,168.9839,1,0,2.2987,11.89,0.1179,
739,RB,0,0,0,0,2,0.0945,0,0,2.3979,0,1.4274,0.9628,0,0,158.0591,1,0,0.0226,11.89,0,
740,RB,0,0,0,0,2,0.095,0,0,2.3026,0,1.394,0.9591,0,0,157.8335,1,0,0.0255,11.89,0,
741,RB,0,0,0,0,2,0.0957,0,0,2.1972,0,1.3551,0.9547,0,0,157.5797,1,0,0.0291,11.89,0,
743,RB,0,0,0,0,3,0.0879,1,0,3.2581,1,1.6197,0.9763,0,0,163.1621,1,0,-0.0639,11.89,0.0589,
744,RB,0,0,0,0,2,0.0988,0,0,1.7918,0,1.193,0.9263,0,0,167.4544,0,0,0.2131,11.9985,0,
745,RB,0,0,0,0,2,0.0975,0,0,1.9459,0,1.2561,0.9423,0,0,156.9632,1,0,0.0388,11.89,0,
749,RB,0,0,0,0,2,0.0988,0,0,1.7918,0,1.1925,0.9335,0,0,156.5839,1,0,0.0457,11.89,0,
750,RB,0,0,0,0,6,0.0853,1,0,3.6376,1,1.6002,0.9904,0,0,171.728,1,0,3.1146,11.89,0.1179,
751,RB,0,0,0,0,4,0.0922,0,0,2.8904,0,1.5816,0.9702,0,0,159.1331,1,0,0.0023,11.89,0,
752,RB,0,0,0,1,2,0.0894,0,0,2.3979,0,1.309,0.9479,0,0,167.8137,1,0,-0.5833,11.89,0.2096,
753,RB,0,0,0,0,2,0.0698,0,0,3.9428,0,1.4456,0.9767,0,0,188.4955,1,0,-0.401,11.85,0.2966,
754,RB,0,0,0,0,2,0.0894,0,0,2.4849,0,1.362,0.946,0,0,170.9935,1,0,-0.4112,11.89,0.1785,
760,RB,0,0,0,0,4,0.0933,0,0,2.6391,0,1.5231,0.9613,0,0,158.6071,1,0,0.0032,11.89,0,
761,NRB,0,0,0,0,4,0.093,0,0,2.7081,0,1.5351,1.0078,0,0,171.397,0,0,-0.6983,11.89,0,
763,RB,0,0,0,0,2,0.1067,0,0,1.0986,0,0.9138,0.88,0,0,154.9906,1,0,0.0822,11.89,0,
764,NRB,0,0,0,0,6,0.0808,0,1,3.2189,0,1.5566,0.9919,0,0,157.8025,0,0,0.0059,11.89,0.1581,
765,RB,0,0,0,0,4,0.095,0,1,2.3026,0,1.427,0.9458,0,0,155.9138,0,0,-0.007,11.89,0,
766,RB,0,0,0,0,2,0.1128,0,0,0.6931,0,0.7786,0.8392,0,0,154.2235,1,0,0.1049,11.89,0,
768,RB,0,0,0,0,4,0.064,1,0,5.0152,1,1.4681,1.0083,0,0,185.0174,1,0,3.9478,11.89,0.2277,
770,NRB,1,0,0,0,2,0.0555,1,0,5.9745,0,1.4575,0.9753,0,0,207.0241,1,0,3.066,11.9961,0.3391,
773,RB,0,0,0,0,2,0.125,0,0,0,0,0.6144,0.7614,0,0,153.2645,1,0,0.1386,11.89,0,
777,NRB,0,0,0,0,4,0.0988,0,0,1.7918,0,1.2548,1.0287,0,0,166.3374,0,0,-0.3165,11.89,0,
782,NRB,0,0,0,1,6,0.0699,0,0,2.7726,0,1.3909,1.2229,0,0,166.8086,1,0,-2.3331,11.89,0.1827,
784,NRB,0,1,0,0,2,0.0593,0,2,4.7185,0,0.9779,0.828,0,1,220.9244,0,0,-1.802,11.89,0.6144,
785,RB,0,0,0,0,6,0.0892,0,1,1.0986,0,1.0545,1.0717,0,0,174.8356,0,0,-9.729,11.89,0.2236,
786,NRB,0,0,0,0,6,0.0921,0,1,1.3863,0,1.1973,0.8991,0,0,154.1195,0,0,0.0233,11.89,0.1581,
787,NRB,0,0,0,0,6,0.0978,0,1,0.6931,0,1.0475,0.8431,0,0,154.5657,0,0,0.4327,11.89,0.1581,
788,NRB,0,0,0,0,3,0.0619,0,2,4.4551,0,1.1776,1.0361,0,0,204.8413,0,0,1.0392,11.89,0.5466,
790,RB,0,0,0,0,4,0.1128,0,1,0.6931,0,0.9082,0.911,0,0,150.7872,0,0,-0.03,11.89,0,
791,NRB,0,0,0,0,2,0.066,0,1,3.626,0,0.9814,1.094,0,0,206.0103,0,0,-6.6269,11.85,0.3289,
796,RB,1,0,0,0,6,0.0539,1,0,5.7077,1,1.5438,1.1512,0,0,195.1704,1,0,3.8058,11.89,0.3527,
797,RB,0,0,0,0,3,0.0581,1,0,5.4972,1,1.1875,1.0338,0,0,221.7223,1,0,2.3228,11.89,0.3455,
799,RB,0,0,0,0,3,0.0944,1,0,1.3863,1,0.9019,1.0672,0,0,178.8992,0,0,7.6176,11.89,0.2033,
800,RB,0,0,0,0,7,0.0625,1,0,3.8286,1,1.5265,1.0867,0,0,181.5857,1,0,5.8347,11.89,0.6143,
804,NRB,0,0,0,0,4,0.0781,0,0,1.0986,0,0.6956,0.8484,0,0,166.6336,0,0,2.4349,11.9,0.1179,
805,NRB,0,0,0,0,4,0.1128,0,0,0.6931,0,0.9082,0.8986,0,0,154.2235,0,0,0.0162,11.89,0,
809,RB,0,0,0,0,12,0.0834,1,0,3.3673,1,1.455,1.0481,0,0,171.5835,1,0,-1.1392,11.89,0.1179,
811,NRB,0,0,0,1,12,0.0752,0,0,3.434,0,1.4972,0.8239,0,0,168.4167,0,0,-0.9586,11.89,0.1827,
812,RB,0,0,0,0,2,0.0947,1,1,1.7918,0,0.9252,0.9713,0,0,174.2495,0,1.2254,-2.81,11.89,0.0589,
814,NRB,0,0,0,1,6,0.0815,0,0,2.3026,0,1.309,1.0556,0,0,167.8137,0,0,-4.1163,11.89,0.1827,
823,NRB,0,0,0,0,4,0.0562,1,1,4.7802,1,1.1724,1.1446,0,1,204.0863,1,0,-1.6048,11.89,0.2312,
827,NRB,1,0,0,0,5,0.0568,1,1,4.1231,0,1.1262,1.2622,0,1,195.8171,0,0,-4.9481,11.89,0.4074,
829,NRB,0,0,0,0,4,0.0587,1,1,4.0669,0,1.033,0.9222,0,1,199.4517,0,0.8671,-9.349,11.89,0.2826,
831,NRB,0,0,0,0,4,0.0687,0,1,3.446,0,0.7986,0.6865,0,1,190.1823,0,0,-8.9165,11.89,0.1863,
834,RB,0,0,0,0,7,0.0707,1,1,1.9459,1,1.1938,0.8672,0,0,171.933,0,0,-9.0597,11.89,0.3766,
836,NRB,1,0,0,0,6,0.0464,0,3,7.7384,0,1.7979,0.9843,0,1,230.9169,0,8.3402,-3.1956,11.89,1.7907,
842,NRB,0,0,0,0,3,0.0736,0,1,2.7842,0,0.7986,0.9083,0,1,193.872,0,0,-4.9973,11.89,0.25,
843,NRB,0,0,0,0,2,0.058,0,1,6.2037,0,0.9862,0.964,0,1,220.3694,0,0,-4.5515,11.89,0.2277,
844,NRB,0,0,0,0,2,0.0821,0,1,2.7842,0,0.7986,0.6753,0,1,198.6685,0,0,-4.4588,11.89,0.0833,
846,NRB,0,0,0,0,4,0.0682,0,5,4.0765,0,0.6961,1.4465,0,0,202.3266,0,0,11.4455,11.89,0.2134,
847,NRB,0,0,0,0,5,0.0576,0,5,4.8218,0,1.0553,1.4561,0,0,189.6888,0,0,18.682,11.89,1.4725,
851,NRB,0,0,0,0,8,0.1006,0,1,0,0,1.303,0.639,0,0,187.1328,0,0,-18.8944,11.9935,0.6324,
853,RB,0,0,0,0,4,0.0833,1,0,0,1,0.4138,1.6136,0,0,185.8751,0,0,-10.2609,11.89,0.0833,
854,NRB,1,1,0,0,2,0.0483,1,0,6.059,1,1.1961,1.156,0,0,253.3873,1,0,-14.9566,11.9985,0.8165,
855,NRB,0,0,0,1,2,0.0555,1,0,4.9025,1,1.1571,1.2664,0,0,229.6256,1,0,-30.5125,11.999,2.512,
857,RB,0,0,0,0,4,0.0752,1,0,1.6094,1,0.8457,0.8909,0,0,192.7793,0,2.0863,-14.7845,11.89,0.0962,
858,RB,0,0,0,0,3,0.0583,1,1,5.0938,1,1.0006,0.9346,0,1,229.5767,1,0,-6.9024,11.9985,0.2805,
859,RB,0,0,0,0,2,0.0679,1,0,3.4984,1,0.7986,0.9963,0,0,216.8937,1,0,-9.8516,11.85,0.1995,
860,RB,0,0,0,0,2,0.0635,1,0,3.446,1,0.811,1.135,0,0,216.8937,1,0,-5.1389,11.85,0.1995,
861,RB,0,0,0,0,4,0.0587,1,0,4.607,1,1.0393,1.2289,0,0,212.7646,1,0,-3.3017,11.89,0.2277,
864,RB,0,0,0,0,4,0.0695,1,0,1.0986,1,0.9225,0.9209,0,0,193.7238,0,0,-9.1738,11.89,0.1728,
865,RB,0,0,0,0,2,0.0606,1,0,4.4404,1,1.0455,1.1792,0,0,212.7646,1,0,-8.9963,11.85,0.2825,
867,NRB,0,0,0,1,4,0.06,1,0,2.3979,1,1.2589,0.9392,0,0,208.2746,0,0,-38.3983,11.999,2.5479,
873,NRB,0,0,0,0,2,0.0736,0,1,2.7842,0,0.7986,0.9086,0,1,199.5124,1,0,-9.2641,11.89,0.1643,
874,NRB,0,0,0,0,3,0.0613,1,1,4.4858,0,0.7986,0.7087,0,1,204.4367,1,0,-3.8394,11.89,0.2534,
879,RB,0,0,0,0,5,0.1021,1,0,0,1,0.4292,1.7668,0,0,169.6799,0,0,-8.9817,11.89,0.0833,
880,RB,0,0,0,0,7,0.0963,1,0,1.7918,1,1.0958,1.5375,0,0,169.6799,0,0,-5.4487,11.89,0.0833,
885,NRB,0,0,0,1,7,0.0537,0,2,5.1006,0,1.303,0.9076,0,1,201.6079,0,0,-13.5373,11.89,1.4411,
891,NRB,0,0,0,0,4,0.0636,0,1,2.5649,0,1.0261,0.9135,0,0,181.9408,0,0,-2.9687,11.89,0.3322,
892,NRB,0,0,0,0,0,0.0461,0,0,0,0,0.0054,0,0,0,319.5239,0,0,0,11.9986,1.3093,
893,NRB,1,0,1.0272,0,0,0.0307,0,0,5.1475,0,1.11,0,0,0,352.2266,0,0,-9.2643,11.9985,2.9918,
895,NRB,0,0,0,0,0,0.0517,0,0,5.4329,0,0.7986,0.7983,0,0,316.2333,0,0,-30.7716,11.999,3.279,
898,NRB,0,1,0,0,0,0.0767,1,0,0,0,0.3941,0,0,0,308.0919,0,0,-43.7189,11.9986,0.388,
900,NRB,1,0,0.0423,0,0,0.0457,0,0,6.5286,0,1.1311,1.1174,0,0,257.63,0,0,-4.5973,11.9985,0.7377,
904,RB,0,0,0.7837,0,1,0.0669,0,0,0,0,0.4166,0,0,0,308.7967,0,0,-45.3905,11.9986,1.7766,
905,NRB,0,0,0.6821,0,0,0.044,1,1,4.5218,0,1.035,1.7959,0,0,285.2128,0,4.1502,9.8393,11.9985,3.569,
907,NRB,0,0,0.6639,0,2,0.0441,1,1,4.6444,0,1.1004,1.5026,0,0,289.0252,0,4.1829,12.6706,11.9985,2.8095,
917,NRB,1,0,0.9774,0,0,0.0287,0,0,5.9764,0,1.268,2.6044,0,0,321.3346,0,5.3075,38.3846,11.9985,2.7569,
918,NRB,0,0,0,0,0,0.0463,1,0,5.7027,0,0.6761,3.3643,0,0,322.2349,0,0,10.945,11.9985,0.5299,
922,NRB,1,1,0,0,0,0.0485,0,2,4.925,0,0.4837,0,0,0,420.7605,0,0,4.0179,11.9985,0.6919,
923,NRB,0,1,0,0,0,0.0464,0,2,4.5231,0,0.5938,0,0,0,420.7605,0,0,-11.7648,11.9985,0.6919,
924,NRB,1,1,0,0,0,0.0385,0,0,7.1521,0,0.8082,0.9059,0,0,460.0869,0,0,-13.8482,11.9985,1.5424,
926,NRB,0,0,0,0,0,0.0461,0,0,0,0,0.0054,0,0,0,319.5239,0,0,0,11.9986,1.3093,
928,NRB,0,1,0,0,0,0.0404,1,0,5.5532,1,0.6336,0,0,0,403.5461,1,0,-15.1901,11.9985,0.7753,
929,NRB,0,1,0,0,0,0.0463,0,0,6.3953,0,0.6288,3.1797,0,0,354.1882,0,0,16.238,11.9985,0.7113,
930,NRB,1,0,0.9719,0,0,0.0308,0,0,5.4337,0,1.0801,0,0,0,359.9266,0,5.3937,0.1156,11.9985,2.7029,
931,NRB,0,1,0,0,0,0.0538,0,0,0,0,0.4823,0,0,0,424.3367,0,0,-16.4757,11.9986,0.7525,
932,NRB,0,1,0,0,0,0.0602,0,0,0,0,0.4376,0,0,0,384.9294,0,0,-65.9029,11.9986,0.6547,
937,NRB,0,1,0,0,0,0.0859,0,0,0,0,0.6098,2.3358,0,0,256.8558,0,1.8648,-17.1349,11.9985,0.2852,
941,NRB,0,1,0,0,0,0.0547,0,0,5.6684,0,0.7986,0.9129,0,0,294.7349,0,0,-34.6905,11.9985,0.8089,
942,NRB,1,1,0,0,0,0.0545,0,0,6.3058,0,0.801,1.1776,0,0,288.1279,0,0,-10.5986,11.9985,0.494,
944,NRB,1,1,0,0,0,0.0511,0,0,6.5613,0,0.8034,1.4616,0,0,331.1177,0,0,-35.2328,11.9985,0.8496,
945,NRB,0,1,0,0,0,0.0721,0,0,0,0,0.4208,0,0,0,345.5221,0,0,-49.4271,11.9986,0.5163,
948,NRB,0,1,0,0,1,0.064,0,8,5.2324,0,1.5074,0.9964,0,1,219.0362,0,0,-0.5447,11.9985,0.8205,
949,NRB,0,1,0,0,0,0.0578,0,2,5.3402,0,0.8366,1.058,0,1,285.7288,0,0,-8.8999,11.9985,0.734,
951,NRB,1,1,0,0,0,0.0434,1,0,6.6983,0,1.0601,1.3315,0,0,295.149,0,0,-4.79,11.9985,0.5797,
953,NRB,0,1,0,0,0,0.0764,0,0,0,0,0.6096,0,0,0,256.8558,0,1.8803,-1.3446,11.9985,0.2852,
954,NRB,1,1,0,0,0,0.045,0,0,6.7647,0,0.8082,1.8237,0,0,374.1074,0,0,39.5716,11.9985,1.0435,
956,NRB,0,1,0,0,0,0.0725,1,0,3.446,0,0.3959,0,0,0,308.0919,0,0.9892,-11.0967,11.9986,0.3995,
959,NRB,1,1,0,0,0,0.0419,1,0,6.6951,0,1.0612,1.5966,0,0,295.149,0,0,0.3686,11.9985,0.5447,
964,NRB,0,1,0,0,0,0.0783,0,0,2.7842,0,0.6097,0,0,0,256.8558,0,1.9113,-23.3133,11.9985,0.247,
966,NRB,1,1,0,0,0,0.0554,0,0,6.3058,0,0.801,1.227,0,0,288.1279,0,0,-13.6311,11.9985,0.4717,
967,NRB,0,1,0,0,1,0.0576,0,0,3.8408,0,0.6856,0,0,0,254.4755,1,0,-14.4313,11.9985,0.3303,
971,NRB,0,1,0,0,0,0.0721,0,1,0,0,0.4982,0,0,1,357.7254,0,0,-15.1818,11.9986,0.4794,
981,NRB,0,0,0,0,1,0.0752,0,0,0,0,0.7986,1.2199,0,0,241.8619,0,1.8739,-7.4416,11.9985,0.2141,
983,NRB,0,1,0,0,1,0.0859,0,0,0,0,0.4189,0,0,0,277.2708,0,0,-17.5751,11.9986,0.3068,
984,RB,0,0,0,0,1,0.0871,0,0,0,0,0.4211,0,0,0,245.745,0,0,-1.9142,11.9986,0.1179,
987,NRB,0,0,0,0,1,0.0821,0,0,2.7842,0,0.6875,0.7724,0,0,231.77,0,0,5.6548,11.9985,0.1179,
989,NRB,0,0,0,0,2,0.1067,0,0,1.0986,0,0.7728,0.9339,0,0,188.2083,0,0,-0.5612,11.9985,0,
993,NRB,1,0,0,0,2,0.0568,0,0,5.68,0,1.0626,1.0681,0,0,235.6054,1,0,1.8911,11.85,0.2514,
996,NRB,0,0,0,1,6,0.0798,0,0,1.3863,0,1.0104,1.0036,0,0,226.4754,0,0,-14.8632,11.9986,0.1827,
999,NRB,0,0,0,0,0,0.0752,0,0,0,0,0.2872,0,0,0,307.2314,0,0,-48.9999,11.999,1.0861,
1007,NRB,0,1,0,0,1,0.0587,0,2,4.5591,0,0.801,0.954,0,1,216.5277,0,0,-10.663,11.9934,0.6606,
1014,NRB,1,0,0,0,1,0.033,1,2,7.0606,0,1.3623,0.9482,1,0,219.306,1,0,2.3311,11.9933,1.8749,
1016,NRB,1,0,0,0,0,0.0389,1,3,7.4611,1,1.3855,0.9746,0,1,217.9265,1,0,-0.0479,11.9933,1.4627,
1018,NRB,0,0,0,0,0,0.0641,1,1,3.446,1,0.7603,0.6707,0,1,209.9856,1,0,-2.6541,11.9935,0.4271,
1019,NRB,0,0,0,0,0,0.0752,0,1,0,0,0.7603,0,0,1,198.6685,0,0,-4.6571,11.9935,0.2981,
1021,NRB,1,0,0,0,1,0.0473,0,1,6.6409,0,1.278,1.031,0,0,214.2859,0,2.4196,0.0663,11.9,0.7369,
1022,NRB,0,0,0,0,2,0.0921,0,2,1.6094,0,1.0541,0.9134,0,0,151.8835,0,0,2.5645,11.9934,0.6325,
1025,NRB,0,0,0,0,4,0.0763,0,3,1.6094,0,0.9377,0.6014,0,0,150.1863,0,0,3.8604,11.9935,0.8561,
1026,NRB,0,0,0,0,5,0.0444,1,9,6.1105,1,1.4273,1.0283,0,0,231.2974,0,0,3.815,11.85,1.4407,
1028,NRB,0,0,0,0,4,0.0934,0,2,1.6094,0,0.9377,1.0519,0,0,152.0267,0,0,5.7232,11.9935,0.6325,
1033,NRB,0,0,0,0,1,0.0508,1,8,6.9715,1,1.4353,1.1006,0,1,221.5027,1,0,-4.3484,11.9962,0.9058,
1048,NRB,1,0,0,0,2,0.0655,0,1,4.4666,1,0.98,0.9992,0,0,204.4367,1,0,2.285,11.9934,0.443,
1049,RB,0,0,0,0,1,0.0574,0,2,4.9002,1,1.0793,0.8996,0,1,195.9818,1,0,-5.4904,11.9934,0.5422,
1051,RB,0,0,0,0,0,0.0551,0,1,6.3814,1,0.9979,1.1625,0,0,234.6238,1,0,-8.2802,11.9934,0.2561,
1056,NRB,0,0,0,0,1,0.0764,0,1,0,0,0.7034,0,0,1,198.6685,0,0,-4.9986,11.9935,0.25,
1058,NRB,0,0,0,0,1,0.0783,0,1,2.151,0,0.7175,0,0,1,198.6685,0,0,-13.6853,11.89,0.2165,
1059,RB,0,0,0,0,0,0.0702,1,1,3.446,1,0.7176,0,0,1,217.1992,1,0,-6.2255,11.9935,0.19,
1071,RB,0,1,0,0,1,0.0549,1,0,6.0958,1,1.04,1.0331,0,0,252.3597,1,0,-6.6131,11.89,0.7136,
1075,RB,0,0,0,0,0,0.0545,1,0,4.2749,1,0.8861,0.5705,0,0,225.4821,1,0,-16.6446,11.9962,0.25,
1082,RB,0,0,0,0,0,0.1006,1,0,0,1,0.7523,0.8282,0,0,185.8751,0,0,-28.5008,11.9964,0.1179,
1083,RB,0,0,0,0,0,0.085,1,0,0.6931,1,0.8754,0.7168,0,0,182.7472,1,0,-19.8332,11.9963,0.1179,
1086,RB,0,0,0,0,1,0.0692,0,1,4.2749,1,0.898,0.9465,0,1,209.9856,0,0,-1.3654,11.89,0.2917,
1087,NRB,0,0,0,0,0,0.0524,0,3,6.2506,1,0.9002,1.0528,0,1,228.4404,0,0,-6.2218,11.9885,0.2343,
1091,RB,0,0,0,0,4,0.0893,1,0,0,1,0.9522,1.67,0,0,167.9499,0,0,-4.7116,11.89,0.9297,
1095,NRB,0,0,0,0,0,0.061,0,2,3.6628,0,0.8119,0,0,1,217.4544,1,0,-5.5845,11.9963,0.2364,
1098,RB,0,0,0,0,0,0.0618,1,0,5.1589,1,0.8249,0.7824,1,0,225.4821,1,2.4406,-7.8858,11.85,0.2724,
1099,RB,0,0,0,0,0,0.0711,1,0,2.9295,0,0.702,0.301,1,0,225.5778,1,0.6964,-9.4099,11.85,0.2197,
1101,NRB,1,0,0,0,0,0.0515,0,2,6.747,0,1.0473,1.2504,0,1,216.0584,1,0,-10.1473,11.9962,0.4512,
1102,NRB,1,0,0,0,0,0.0404,0,6,8.7014,0,1.7295,1.0641,0,1,256.5814,1,0,0.0411,11.999,2.3096,
1104,NRB,1,1,0,0,2,0.0494,1,6,7.5452,0,1.7193,0.9778,0,1,249.3975,1,0,-1.6457,11.89,1.8131,
1107,NRB,0,0,0,0,1,0.0755,0,1,2.151,0,0.8707,2.1192,0,1,199.5124,1,0,-8.2533,11.9963,0.3089,
1108,RB,0,0,0,0,0,0.0752,1,0,0,0,0.7986,1.7558,0,0,226.0882,1,0.805,-11.463,11.85,0.1643,
1112,NRB,0,0,0,0,0,0.0663,0,1,0,0,0.7986,0.7876,0,1,226.3717,1,0,-14.9114,11.85,0.1859,
1114,RB,0,0,0,0,0,0.0859,0,1,0,0,0.7974,1.4151,0,1,205.7821,1,0,-11.0308,11.9963,0.1643,
1116,NRB,0,0,0,0,0,0.0595,0,1,5.7993,0,1.038,0.9659,0,1,220.9871,1,0,-9.435,11.9962,0.3027,
1117,NRB,1,0,0,0,3,0.0628,0,0,3.6628,0,0.7603,1.3774,0,0,192.7175,1,0,2.2842,11.89,1.4548,
1118,RB,0,0,0,0,0,0.0859,0,0,0,0,0.7001,1.1207,0,0,214.4747,1,0,-13.4297,11.85,0.1426,
1119,NRB,0,1,0,0,0,0.0658,0,0,2.151,0,0.801,0.648,0,0,230.2321,1,0,-9.5052,11.9963,0.2906,
1120,RB,0,0,0,0,0,0.0752,0,0,0,0,0.7986,0.6718,0,0,206.5877,1,0,-17.1922,11.9963,0.1361,
1121,NRB,1,0,0,0,1,0.0344,0,1,7.0228,0,1.2119,1.11,1,0,213.2221,1,4.1721,-2.8113,11.9,1.2181,
1122,RB,0,0,0,0,0,0.0746,1,0,2.4092,0,0.7015,0.2612,0,0,226.0882,1,0.7942,-5.9648,11.85,0.1643,
1123,RB,0,0,0,0,0,0.0687,1,0,2.7842,1,0.7023,0.6546,0,0,225.5778,1,0,-9.7812,11.85,0.197,
1127,RB,0,0,0,0,0,0.0746,0,0,1.8021,0,0.7282,1.0572,0,0,206.5877,1,0,-10.1693,11.9963,0.1361,
1130,NRB,0,0,0,0,0,0.0702,0,1,3.446,0,0.7142,0,0,1,226.3717,1,0,-5.9065,11.9963,0.161,
1131,RB,0,0,0,0,0,0.0702,1,0,3.446,1,0.7171,0,0,0,225.5778,1,0,-6.0721,11.9963,0.1767,
1133,NRB,0,0,0,0,1,0.0631,1,1,4.5708,0,1.0604,1.1638,0,1,212.6879,1,0,3.3926,11.89,0.3476,
1136,NRB,0,0,0,0,2,0.0647,0,1,4.3158,1,1.0641,0.7693,1,0,201.5691,1,0,-6.2259,11.9934,0.2951,
1138,NRB,0,0,0,0,0,0.0559,0,4,5.6625,0,1.0186,1.0056,0,1,233.8999,0,0,-5.6469,11.85,0.5432,
1139,NRB,1,0,0,0,4,0.0521,1,1,5.0895,1,1.1801,0.8449,0,1,197.9119,0,0,-3.6072,11.89,0.6509,
1145,RB,0,0,0,0,2,0.1162,1,0,0,1,0.5745,0.9678,0,0,184.269,0,1.1207,-8.2405,11.79,0.0481,
1146,NRB,0,0,0,0,4,0.1128,0,0,0.6931,0,0.8802,1.0618,0,0,157.6281,0,0,3.2143,11.9964,0,
1147,RB,0,0,0,0,6,0.103,0,0,1.3863,0,0.922,1.1557,0,0,160.2786,0,0,2.0917,11.9963,0,
1149,NRB,0,1,0,0,0,0.0579,0,2,4.6492,0,0.904,1.1749,0,1,241.9937,0,0,-18.0967,11.9935,0.5476,
1152,NRB,0,1,0,1,0,0.0516,0,0,5.136,0,0.9861,1.2301,0,0,285.4695,1,2.0039,-15.9128,11.9962,0.8048,
1153,NRB,0,0,0,1,1,0.0539,0,1,5.3915,0,0.9993,1.0905,0,1,231.1545,1,0,-31.974,11.89,1.2273,
1156,NRB,0,0,0,0,2,0.0669,0,0,2.3979,0,0.9595,0.9128,0,0,196.6985,0,0,-6.8138,11.9985,0.9061,
1157,NRB,0,0,0,0,0,0.0859,0,0,0,0,0.7005,0.9763,0,0,236.8504,1,0,-18.5271,11.9985,0.2787,
1158,NRB,0,0,0,0,1,0.0755,0,0,2.151,0,0.7291,0.9868,0,0,225.607,1,0,-23.6775,11.9985,0.3956,
1167,NRB,0,0,0,0,2,0.0246,0,0,2.3026,0,0.5181,0.753,0,0,252.0575,0,0,-0.1477,11.9975,1.0979,
1168,NRB,0,0,0,0,6,0.0238,0,1,4.4067,0,1.1801,0.9128,0,0,252.6426,0,0,0.015,11.9974,1.9104,
1171,NRB,1,0,0,0,2,0.0551,0,0,3.8408,0,0.4498,0,0,0,254.1519,0,0,-15.8357,11.9975,0.4349,
1173,NRB,0,0,0,0,1,0.0669,0,0,0,0,0.3795,0,0,0,243.4113,0,0,-7.8143,11.85,0.2175,
1178,NRB,1,0,0,0,0,0.0746,0,2,3.8408,0,0.4867,0,0,0,285.6499,0,0,-0.9411,11.85,0.1667,
1179,RB,0,0,0,0,0,0.0871,0,1,0,0,0.4116,0,0,0,258.7193,0,0,-1.4895,11.85,0.0833,
1180,NRB,0,0,0,0,0,0.0758,0,2,3.8408,0,0.5935,0,0,0,285.6499,0,0,-1.6529,11.953,0.1443,
1182,RB,0,0,0,0,0,0.0821,0,1,3.8408,0,0.6827,0.8924,0,0,240.5647,0,0,2.4115,11.85,0.1179,
1184,NRB,0,0,0,0,2,0.1128,0,3,2.3026,0,0.5929,0.7517,0,0,197.2665,0,0,-0.5052,11.9531,0,
1187,NRB,0,0,0,0,0,0.0512,0,2,7.5325,0,1.4457,0.9223,0,1,252.4946,0,0,-2.6217,11.85,0.6667,
1188,NRB,0,0,0,0,0,0.0562,0,2,6.3241,0,1.0479,1.0437,0,1,239.0909,0,0,-0.4931,11.85,0.3333,
1189,NRB,0,0,0,0,0,0.0533,0,1,6.7842,0,1.016,0.981,0,1,247.4558,0,0,-1.9515,11.85,0.3333,
1191,NRB,0,0,0,0,0,0.0616,0,1,5.4329,0,0.7986,1.1409,0,1,236.1433,0,0,-0.0823,11.85,0.1667,
1207,NRB,0,0,0,0,0,0.0744,0,2,3.8408,0,0.7452,0.7839,0,1,217.5726,0,0,4.9715,11.85,0.1423,
1213,RB,0,0,0,0,2,0.0745,1,2,2.5649,1,0.7039,0.7911,0,0,209.9943,0,0,-11.5779,11.9964,0.3411,
1216,NRB,1,0,0,0,0,0.0388,1,1,6.8752,0,1.0838,1.3472,0,1,287.9186,1,0,-14.4672,11.9988,0.7916,
1218,NRB,0,1,0,0,0,0.0461,0,1,0,0,0.2346,0,0,1,383.317,0,0,-14.935,11.9986,0.7809,
1219,NRB,0,1,0,0,0,0.0552,0,3,4.2391,0,0.5552,1.1858,0,1,264.7174,0,0,-17.5329,11.999,0.4557,
1220,NRB,0,1,0,0,0,0.0568,0,2,0,0,0.5402,0.9688,0,1,287.0493,0,0,-19.1901,11.9986,0.5173,
1223,NRB,0,0,0,0,4,0.0442,0,5,8.2254,0,1.7112,1.0401,0,1,255.5209,1,0,-9.8008,11.85,2.2887,
1225,NRB,1,0,0,0,0,0.0365,1,1,7.1314,0,1.0865,1.4019,0,1,293.4453,0,0,15.0221,11.9988,1.0237,
1226,NRB,1,0,0,0,2,0.0397,1,2,7.6287,0,1.5794,1.0551,0,1,259.5382,0,0,-5.3276,11.999,1.476,
1230,NRB,0,1,0,0,0,0.0519,1,1,3.1689,1,0.4494,0,0,1,282.5926,1,0,-17.5904,11.9986,0.5319,
1232,NRB,0,1,0,0,0,0.0721,0,1,0,0,0.2413,0,0,1,281.984,0,0,-45.2226,11.9986,0.436,
1233,NRB,0,0,0,0,0,0.0506,0,2,6.5689,0,1.3666,0.8969,0,1,245.8668,0,2.6547,-1.972,11.999,0.9525,
1234,NRB,0,0,0,0,0,0.0506,0,2,6.5689,0,1.3666,0.8969,0,1,245.8668,0,2.6547,-1.972,11.999,0.9525,
1235,NRB,0,0,0,0,0,0.0515,0,1,6.5369,0,0.8656,0.6152,0,1,250.1744,0,0,-7.6079,11.85,0.5244,
1237,RB,0,0,0,0,0,0.0767,1,1,0,1,0.5964,0.8711,0,1,226.9588,1,0,-5.9609,11.85,0.2252,
1241,NRB,0,0,0,0,0,0.069,0,1,0,0,0.7011,0.8411,0,1,235.9973,0,0,-11.6715,11.85,0.4066,
1243,NRB,0,0,0,0,0,0.0634,0,3,4.2391,0,0.5553,1.1387,0,1,238.4459,0,0,-6.4145,11.999,0.3032,
1245,NRB,0,1,0,0,0,0.0652,0,2,0,0,0.5402,0.9132,0,1,257.4938,0,0,-24.136,11.9986,0.3648,
1246,NRB,1,1,0,0,0,0.052,0,2,6.593,0,0.801,1.2161,0,1,264.9081,0,0,-21.6071,11.9985,0.6607,
1247,NRB,1,1,0,0,0,0.0551,0,2,5.8732,0,0.8121,0.8861,0,1,254.2515,0,0,-11.0384,11.9985,0.7297,
1248,NRB,1,0,0,0,0,0.0591,0,2,5.6684,0,0.8119,0.8455,0,1,221.6386,0,0,-1.6301,11.85,0.4282,
1249,NRB,0,1,0,0,0,0.0721,0,1,0,0,0.2409,0,0,1,281.984,0,0,-8.8368,11.9986,0.4236,
1255,NRB,0,0,0,0,0,0.0601,0,2,5.5576,0,0.7986,1.0469,0,1,228.5322,0,0,-1.2981,11.85,0.2629,
1257,NRB,0,0,0,0,1,0.0544,1,3,5.1828,0,1.0596,1.0021,0,1,234.0351,0,0,-3.6552,11.85,0.6075,
1258,NRB,1,0,0,0,0,0.0434,1,1,6.6983,0,1.0626,1.3514,0,1,264.811,0,0,0.341,11.85,0.487,
1259,NRB,0,0,0,0,0,0.0427,0,1,7.0796,0,1.2992,0.9068,0,1,258.9334,0,0,-15.4709,11.999,0.8092,
1262,NRB,0,0,0,0,0,0.0498,0,1,6.6136,0,0.8826,0.6646,0,1,250.1744,0,0,-7.5858,11.85,0.5237,
1264,NRB,0,0,0,0,0,0.0489,0,2,5.6857,0,0.8991,1.3109,0,1,240.3929,0,0,2.1619,11.85,0.6234,
1265,NRB,0,0,0,0,0,0.0602,0,1,0,0,0.5509,0,0,1,235.9973,0,0,0.2004,11.85,0.4066,
1270,NRB,1,0,0,0,0,0.0419,1,1,6.6951,0,1.081,1.4035,0,1,264.811,0,0,-0.0902,11.85,0.4644,
1271,NRB,0,0,0,0,0,0.0548,0,2,6.1363,0,0.7142,0,0,1,228.7561,0,0,-7.8654,11.85,0.311,
1272,NRB,0,0,0,0,0,0.0505,0,1,6.5694,0,0.9313,0.3553,0,1,250.1744,0,0,-0.133,11.85,0.5258,
1274,NRB,0,0,0,0,0,0.0596,0,1,6.0187,0,0.6387,0,0,1,237.9118,0,0,-7.5682,11.85,0.2388,
1277,NRB,0,0,0,0,0,0.0707,0,2,3.1689,0,0.4837,0,0,1,227.9384,0,0,-4.1673,11.9936,0.1854,
1280,NRB,0,1,0,0,0,0.0833,0,1,0,0,0.2414,0,0,1,248.2064,0,0,-38.3907,11.9986,0.247,
1281,NRB,0,0,0,0,0,0.0833,0,2,0,0,0.4002,0,0,1,204.775,0,0,-15.0479,11.9936,0.1667,
1286,NRB,0,0,0,0,0,0.0833,0,3,0,0,0.3294,0,0,1,204.3409,0,0,-20.7712,11.9936,0.1479,
1299,NRB,1,0,0,0,2,0.0746,0,2,1.8021,0,0.6301,0.2376,0,1,193.0804,0,0,-5.6046,11.9935,0.2357,
1300,NRB,1,0,0,0,2,0.0746,0,2,0.6931,0,0.7855,0.2085,0,0,158.3668,0,0,-2.2478,11.9,0.4082,
1301,RB,0,0,0,0,1,0.0871,0,1,0,0,0.56,0,0,1,205.158,0,0,-6.7895,11.85,0.1179,
1303,NRB,0,0,0,0,1,0.0821,0,1,2.7842,0,0.7739,0.5506,0,0,198.6685,0,0,-1.7822,11.85,0.1179,
1304,NRB,0,0,0,0,8,0.0542,0,2,4.0431,1,1.1495,1.0011,0,0,170.3575,0,0,-1.4691,11.9934,0.8432,
1305,RB,0,0,0,0,1,0.0937,1,1,2.1972,1,1.2126,0.9387,0,0,163.3848,1,0,0.1992,11.9934,0.0645,
1310,NRB,0,0,0,0,6,0.0821,0,3,1.0986,0,0.7327,0.2536,0,0,155.7208,0,0,-1.6138,11.9945,0.1581,
1313,NRB,0,0,0,0,6,0.1067,0,4,1.0986,0,0.7225,0.8743,0,0,145.4952,0,0,0.0567,11.9936,0,
1320,NRB,0,1,0,0,0,0.0663,0,2,2.7842,0,0.5369,2.6964,0,1,293.4413,0,0,47.4767,11.9986,0.5788,
1321,NRB,0,0,0,0,0,0.0511,0,4,6.284,0,1.3691,0.8304,0,0,236.9227,1,0,-21.8774,11.85,0.7939,
1322,NRB,0,0,0,0,0,0.0669,0,1,0,0,0.5809,0,0,0,237.1506,0,0,-15.939,11.85,0.3561,
1323,NRB,0,0,0,0,0,0.0616,0,0,5.4329,0,0.7986,1.1516,0,0,243.8883,1,0,-1.5619,11.85,0.1361,
1324,NRB,0,0,0,0,0,0.0514,0,3,6.9111,0,1.5507,0.7889,0,0,255.6959,1,0,7.4334,11.85,0.3266,
1325,NRB,1,0,0,0,0,0.0558,1,0,5.4329,0,0.7986,1.1623,0,0,251.3728,0,0,-1.2373,11.85,0.2177,
1336,NRB,1,0,0,0,0,0.057,0,2,4.3438,0,1.1336,0.9196,0,0,194.0489,0,0,0.2963,11.9,0.6664,
1337,NRB,0,0,0,0,2,0.1006,0,2,2.5649,0,0.8872,0.8307,0,0,195.0229,0,0,-0.5816,11.9886,0,
1339,NRB,0,0,0,0,0,0.0548,1,0,5.4329,0,0.6748,0,0,0,269.6918,0,2.6204,-7.8944,11.85,0.2622,
1340,NRB,1,0,0,0,0,0.0463,1,2,6.7966,0,1.4483,0.9931,0,1,260.5175,0,5.0126,0.2927,11.9884,0.7074,
1344,NRB,1,0,0,0,0,0.0403,1,0,7.5652,0,1.1415,1.2873,0,0,278.8974,0,0,-1.045,11.85,0.5366,
1345,RB,1,0,0,0,0,0.0435,1,0,6.593,0,1.0598,1.355,0,0,275.4453,0,0,-1.9408,11.85,0.3907,
1349,NRB,1,0,0,0,0,0.0572,1,0,3.6109,0,1.0118,0.7705,0,0,188.971,0,2.3307,-1.5971,11.9,0.3032,
1350,RB,0,0,0,0,0,0.0836,1,0,3.434,0,1.2975,0.9713,0,0,174.7335,0,4.565,-0.3813,11.9,0.1021,
1352,RB,0,0,0,0,1,0.0788,1,1,0,0,0.5507,0,0,0,175.933,0,0,-8.7289,11.9,0.0722,
1358,NRB,0,0,0,0,0,0.0543,1,1,3.8286,0,0.8006,0,0,0,217.1992,0,3.9431,-2.8474,11.9,0.3536,
1365,NRB,0,0,0,0,0,0.0543,1,0,3.1781,1,0.8302,0,0,0,207.0545,1,0,-1.4672,11.9,0.3319,
1366,RB,0,0,0,0,0,0.0543,1,0,4.9611,1,0.6318,0,0,0,277.4428,1,0,-3.7557,11.85,0.2277,
1368,RB,0,0,0,0,1,0.0586,1,0,4.6757,1,0.6363,0,0,0,250.4637,1,0,-9.1663,11.85,0.2159,
1372,RB,0,0,0,0,0,0.0752,1,0,0,0,0.734,0.4051,0,0,250.4637,0,1.4893,-2.9475,11.85,0.1925,
1373,RB,0,0,0,0,0,0.0569,1,0,4.7168,1,0.7131,0.432,1,0,248.4594,1,0.7797,-8.9637,11.85,0.2141,
1374,NRB,0,0,0,0,0,0.0589,1,0,5.6684,0,0.873,1.2138,0,0,249.9735,1,0.8034,0.3292,11.85,0.2323,
1378,NRB,0,0,0,0,0,0.0497,0,3,6.6687,0,1.4203,1.0294,0,1,250.7767,0,0,-1.1845,11.85,0.6698,
1379,NRB,0,0,0,0,0,0.0603,0,2,5.7027,0,0.7986,1.0753,0,1,243.8424,0,0,-1.9116,11.85,0.2412,
1383,NRB,1,0,0,1,0,0.0488,0,0,6.9853,0,1.6786,0.9563,0,0,254.5279,1,0,2.0187,11.85,0.5332,
1386,NRB,1,0,0,0,0,0.0483,1,0,7.2698,0,0.971,0.9615,0,0,264.1554,1,0,-7.4845,11.85,0.2622,
1388,NRB,0,0,0,0,0,0.0665,1,0,2.5649,1,0.7057,0,0,0,207.4789,1,3.4409,-3.2363,11.9963,0.3411,
1390,RB,0,0,0,0,0,0.0713,1,0,4.8875,1,0.7986,0.8479,0,0,235.4747,1,2.5081,-3.2654,11.85,0.2235,
1391,RB,0,0,0,0,0,0.074,1,0,4.5231,1,0.7986,0.8457,0,0,236.4791,0,2.6782,-1.0428,11.85,0.1489,
1395,NRB,0,0,0,0,1,0.0228,1,0,4.2905,1,1.2993,0.926,0,0,253.9384,1,0,0.0708,11.9974,2.1708,
1396,NRB,0,0,0,0,1,0.0231,1,0,4.0073,1,1.1748,0.925,0,0,253.1074,1,0,0.089,11.9974,1.839,
1397,NRB,0,0,0,0,1,0.0246,1,0,2.9444,1,0.7274,0.9702,0,0,250.2946,1,0,0.1391,11.9975,1.1753,
1405,NRB,0,0,0,0,0,0.0498,1,0,3.3322,1,0.9478,0.7965,0,0,216.8006,1,0,-2.9054,11.9963,0.639,
1407,NRB,0,1,0,0,0,0.0594,1,0,3.1689,1,0.4329,0,0,0,301.9785,1,0,-27.1434,11.9986,0.4705,
1408,RB,0,0,0,0,0,0.0568,1,0,0,1,0.4656,0.5819,1,0,235.1708,1,0,-10.4364,11.85,0.314,
1409,NRB,0,0,0,0,0,0.0665,1,0,2.5649,1,0.7057,0,0,0,207.4789,1,3.4409,-3.2363,11.9963,0.3411,
1410,NRB,1,0,0,0,0,0.0512,1,0,6.4861,1,0.8705,0.9969,0,0,252.5695,1,0,-2.1054,11.9962,0.349,
1411,RB,0,0,0,0,0,0.0591,1,1,0,1,0.7126,0.2442,0,1,248.7597,1,0,-12.8608,11.999,0.2468,
1413,NRB,0,1,0,0,0,0.0696,1,0,3.1689,1,0.4311,2.9838,0,0,301.9785,1,0,9.5515,11.9986,0.4705,
1414,NRB,0,0,0,0,0,0.0591,1,1,0,1,0.6443,0.9119,0,1,248.7597,1,0,-12.3907,11.9963,0.2392,
1415,RB,0,0,0,0,0,0.0652,1,0,0,1,0.4643,0.6852,1,0,236.2755,1,0,-13.1238,11.85,0.2581,
1416,RB,0,0,0,0,0,0.0767,1,0,0,1,0.4632,0.8573,0,0,237.5183,1,0,-8.6999,11.85,0.2035,
1417,RB,1,0,0,0,0,0.0484,1,0,5.5378,1,0.7411,1.0594,0,0,278.7745,1,0,-9.9383,11.85,0.3566,
1418,NRB,1,0,0,0,0,0.0508,1,0,6.8097,1,1.0407,0.9077,0,0,258.1848,1,0,-8.8812,11.9962,0.4246,
1420,RB,0,0,0,0,0,0.0546,1,1,6.3365,1,0.8226,1.0028,0,1,256.4425,1,0,-7.5553,11.85,0.2581,
1422,RB,1,0,0,0,0,0.0641,1,0,3.8408,1,0.507,0.6119,0,0,246.6778,1,0,-9.2906,11.9963,0.258,
1424,NRB,0,0,0,0,0,0.0564,1,1,4.925,1,0.8293,0.4573,0,1,254.2606,1,0,-2.3552,11.999,0.328,
1425,RB,0,1,0,0,0,0.067,1,0,0,1,0.4342,0,0,0,270.4526,1,0,-7.57,11.9986,0.318,
1426,NRB,0,1,0,0,0,0.067,1,1,0,1,0.3169,0,0,1,274.6788,1,0,-16.2371,11.9986,0.2566,
1427,RB,0,0,0,0,0,0.0641,1,1,3.8408,1,0.3827,0.676,0,1,248.7597,1,0,-9.758,11.9963,0.2204,
1429,NRB,1,0,0,0,0,0.0551,1,0,6.3058,1,0.7492,0.4698,0,0,254.2923,1,0,-4.0907,11.85,0.2733,
1433,RB,1,0,0,0,0,0.0513,1,0,3.7612,1,1.1885,0.8168,0,0,186.9661,1,0,-0.4556,11.9962,0.6133,
1437,RB,0,0,0,0,0,0.0752,1,1,0,1,0.3173,0,0,1,240.9011,1,0,-7.021,11.85,0.1102,
1447,NRB,1,0,0,0,0,0.0561,1,0,6.3466,1,0.9011,0.7638,0,0,242.7426,1,0,-1.0459,11.85,0.3221,
1448,RB,0,0,0,0,0,0.0744,1,0,3.8408,1,0.6878,0.7362,0,0,226.0882,1,0,7.4519,11.85,0.1824,
1456,RB,0,0,0,0,2,0.0934,1,0,2.3026,1,0.6063,0.6753,0,0,205.4419,0,0,14.5463,11.9964,0.1291,
1462,RB,1,0,0,0,0,0.0538,1,0,5.2905,0,0.8058,1.1132,0,0,240.5365,1,0,-1.3445,11.85,0.303,
1466,RB,1,0,0,0,0,0.0558,0,0,5.4329,0,0.7986,1.0671,0,0,234.4275,1,0,-2.3845,11.85,0.257,
1471,NRB,0,0,0,0,0,0.0461,0,0,0,0,0.082,0,0,0,485.0476,1,0,-46.7111,11.9989,1.2834,
1472,NRB,1,0,0,0,0,0.0403,1,1,7.3828,0,1.232,0.9609,0,1,288.789,1,0,-12.5339,11.9988,0.837,
1473,RB,0,0,0,0,0,0.0634,0,0,0,0,0.082,0,0,0,381.613,1,0,408.7199,11.9989,0.9502,
1474,RB,0,0,0,0,0,0.0615,0,1,0,0,0.4436,0.9789,0,0,351.7422,1,0,48.1552,11.9988,0.7062,
1475,NRB,0,0,0,0,0,0.0557,0,3,5.2109,0,0.5404,1.6556,0,1,256.7911,1,0,-7.0882,11.999,0.3779,
1476,NRB,1,0,0,0,0,0.0484,0,0,5.5612,0,1.1009,1.0598,0,0,192.1749,1,0,0.3423,11.9,0.5112,
1477,NRB,0,1,0,0,0,0.0461,0,0,0,0,0.094,0,0,0,408.3408,1,0,-5.4685,11.9986,0.7646,
1478,NRB,1,1,0,0,0,0.0452,0,0,6.1349,0,0.8187,0.915,0,0,338.8455,1,0,-24.6691,11.9985,1.2267,
1479,NRB,0,1,0,0,0,0.0538,0,0,0,0,0.094,0,0,0,371.9649,1,0,-4.1014,11.9986,0.6667,
1480,NRB,0,1,0,0,0,0.0505,0,0,6.2741,0,0.629,0.9037,0,0,297.1581,1,0,5.3658,11.9985,0.5276,
1482,NRB,0,1,0,0,0,0.0519,0,1,3.1689,0,0.387,0,0,1,302.3187,1,0,10.5259,11.9986,0.5106,
1483,NRB,0,1,0,0,0,0.0752,0,0,0,0,0.0873,0,0,0,299.213,1,0,-29.6383,11.9986,0.3832,
1486,NRB,0,1,0,0,0,0.0602,0,0,0,0,0.0875,0,0,0,335.5889,1,0,-34.262,11.9986,0.5555,
1489,NRB,0,1,0,0,0,0.0561,0,0,5.8732,0,0.8112,1.1894,1,0,301.8535,1,0,-0.7744,11.9985,0.724,
1491,NRB,0,0,0,0,0,0.0441,0,0,7.1952,0,1.0009,1.0645,0,0,266.3751,1,0,-10.5488,11.999,0.8382,
1492,NRB,1,0,0,0,0,0.0498,1,1,6.8453,0,1.0873,1.0481,0,1,250.9082,1,0,0.452,11.9962,0.4377,
1495,NRB,1,0,0,0,0,0.0543,1,0,5.6943,0,0.8115,1.1419,0,0,248.6819,1,0,1.1507,11.9962,0.3456,
1497,NRB,0,0,0,0,0,0.0515,0,0,6.5369,0,0.8507,0.6194,0,0,258.5295,1,0,-9.1581,11.85,0.5056,
1507,NRB,1,0,0,0,0,0.0591,0,0,5.6684,0,0.7986,0.8933,0,0,233.7595,1,0,-1.6235,11.85,0.3848,
1511,NRB,0,1,0,0,0,0.0594,0,1,3.1689,0,0.3874,0,0,1,270.7929,1,0,-7.1746,11.9986,0.3556,
1512,NRB,1,1,0,0,0,0.0539,0,0,5.8295,0,0.8142,1.0966,0,0,268.7882,1,0,-6.4469,11.9985,0.7112,
1513,RB,1,1,0,0,0,0.0571,0,0,5.6418,0,0.8139,1.1468,0,0,252.6155,1,0,-0.9748,11.9985,0.4734,
1517,NRB,1,0,0,0,0,0.0388,1,2,7.4611,0,1.1648,1.1904,0,1,265.7079,1,0,4.3327,11.999,0.7387,
1524,NRB,1,0,0,0,0,0.0588,0,0,5.6418,0,0.8116,1.1126,0,0,233.7595,1,0,-2.1037,11.9962,0.359,
1528,RB,0,0,0,0,0,0.0593,1,0,5.3402,1,0.8117,1.2084,0,0,248.6819,1,0,2.5818,11.85,0.2676,
1529,NRB,1,0,0,0,0,0.0419,1,0,6.6951,0,1.0618,1.4234,0,0,273.0832,1,0,0.0412,11.85,0.4456,
1532,NRB,0,0,0,0,0,0.0596,0,1,6.0187,0,0.6271,0,0,1,249.3857,1,0,-6.1713,11.85,0.2038,
1536,NRB,0,0,0,0,0,0.0833,0,0,0,0,0.0776,0,0,0,278.1784,1,0,-128.993,11.9989,0.348,
1537,NRB,0,0,0,0,0,0.0783,1,0,2.7842,0,0.4223,0,0,0,238.9268,1,0.6204,-6.5152,11.9963,0.1479,
1538,RB,1,0,0,0,0,0.0572,0,0,6.1725,0,0.8113,0.9442,0,0,243.8883,1,0,-3.1996,11.85,0.2201,
1540,NRB,0,1,0,0,0,0.0833,0,0,0,0,0.0813,0,0,0,262.8371,1,0,-37.425,11.9986,0.2282,
1541,NRB,0,0,0,0,0,0.0833,0,0,0,0,0.0872,0,0,0,237.6888,1,0,-16.8775,11.9964,0.1191,
1552,NRB,0,0,0,0,8,0.0515,0,0,2.3026,0,0.795,1.6004,0,0,164.9679,0,0,-2.1605,11.9962,1.4142,
1555,NRB,0,0,0,0,2,0.0283,0,0,1.0986,0,0.5648,1.408,0,0,226.2447,1,0,-2.3616,11.9963,0.9449,
1558,RB,0,0,0,0,2,0.0671,0,0,0,0,0.4852,0.5573,0,0,164.4084,1,0,-4.0591,11.9964,0.383,
1568,NRB,1,0,0,0,2,0.0412,0,0,4.2627,0,1.242,0.6658,0,0,180.49,1,0,-0.3795,11.9,0.9457,
1569,RB,0,1,0,0,1,0.0755,0,0,2.151,0,0.4484,2.479,0,0,273.4658,1,0,-2.3254,11.9986,0.4547,
1575,RB,0,0,0,0,1,0.0821,0,0,2.7842,0,0.7001,0.46,0,0,206.0718,1,0,-1.529,11.85,0.1179,
1590,RB,0,0,0,0,4,0.0562,1,0,4.7802,1,1.1085,1.0028,0,0,212.9912,1,0,-7.4913,11.9962,0.25,
1597,NRB,0,1,0,1,0,0.0567,0,0,5.1142,0,0.8097,0.8357,0,0,262.9623,0,0,-30.8698,11.999,1.2592,
1598,NRB,0,0,0,0,2,0.0234,0,0,3.5264,0,0.9628,0.9512,0,0,255.8306,0,0,-0.0007,11.9975,1.5331,
1601,NRB,0,0,0,0,0,0.0596,0,0,0,0,0.7986,1.3293,0,0,244.1377,0,1.6075,-15.9414,11.85,0.4066,
1604,RB,0,1,0,0,0,0.069,0,0,0,0,0.53,2.7547,0,0,277.9025,0,0,-37.5764,11.9986,0.4993,
1605,NRB,1,0,0,0,0,0.0468,0,0,7.7898,0,1.5724,0.9003,0,0,264.0688,0,0,-3.157,11.999,1.1897,
1606,NRB,0,0,0,0,0,0.0594,0,1,4.343,0,0.5681,0.6575,0,1,256.587,0,0,-10.1728,11.999,0.4282,
1607,NRB,0,0,0,0,0,0.0594,0,1,4.343,0,0.5681,0.6575,0,1,256.587,0,0,-10.1728,11.999,0.4282,
1610,NRB,0,0,0,0,0,0.0449,0,0,6.9752,0,1.2885,0.6924,0,0,268.2976,0,0,-15.067,11.999,0.7377,
1611,RB,0,0,0,0,0,0.0669,0,0,0,0,0.5309,0,0,0,248.3471,0,0,-15.8109,11.85,0.3103,
1613,NRB,0,0,0,0,0,0.0752,0,0,0,0,0.4249,0,0,0,250.4775,0,0,-15.6097,11.85,0.2237,
1616,NRB,0,0,0,0,0,0.0515,0,2,7.0537,0,1.1799,0.9685,0,1,323.273,0,0,-10.937,11.998,1.0632,
1617,NRB,0,0,0,0,0,0.0616,0,2,3.3673,0,1.0377,1.2359,0,0,183.3784,0,0,5.1615,11.9,0.4418,
1621,NRB,0,0,0,0,0,0.0596,0,0,6.0187,0,0.6296,0,0,0,267.4009,0,0,-7.67,11.9985,0.3492,
1623,NRB,0,0,0,0,0,0.0585,0,2,5.8615,0,0.6836,0,0,1,264.6579,0,0,2.6314,11.9985,0.2867,
11,NRB,0,1,0,0,0,0.0696,0,1,3.1689,0,0.3576,0,0,1,308.4564,0,0,4.5091,11.9986,0.4547,
15,NRB,0,0,0,0,0,0.0641,0,2,3.8408,0,0.426,0,0,1,251.1017,0,0,-6.4804,11.999,0.2357,
32,NRB,1,0,0,0,0,0.047,0,0,6.7906,0,0.8137,1.3755,0,0,428.4995,0,0,-152.839,11.9988,1.6933,
35,NRB,0,0,0,0,0,0.0497,0,0,6.0491,0,0.8216,1.4715,0,0,419.2774,1,0,-77.5672,11.9988,1.7139,
72,RB,0,0,0,0,2,0.0569,1,0,4.978,1,1.084,1.1422,0,0,225.9366,1,2.9098,1.0786,11.79,0.2277,
74,NRB,0,0,0,0,1,0.0501,0,1,5.8935,0,0.9897,1.3631,0,0,250.1744,1,1.5542,-4.6366,11.9986,0.4145,
84,NRB,1,0,0,0,0,0.049,0,0,6.9391,0,0.9507,0,0,0,266.5436,0,4.3565,-6.0238,11.85,0.3125,
85,NRB,0,1,0,0,2,0.057,1,0,4.5766,1,0.7743,0.6718,0,0,229.2093,1,0,-13.3233,11.89,0.9609,
91,NRB,1,0,0,0,0,0.0483,0,0,6.8159,0,0.971,0.8982,0,0,252.8938,0,0,-5.6003,11.9,0.3485,
95,NRB,0,0,0,0,0,0.0884,0,0,0,0,0.3502,0,0,0,188.057,0,9.0694,-4.8426,11.9,0,
104,NRB,0,0,0,0,0,0.0545,0,2,6.2765,0,1.0494,1.1918,0,1,232.8255,0,0,0.0425,11.9,0.7211,
106,RB,0,0,0,0,0,0.0625,0,1,5.6452,0,0.6734,0,0,1,240.5647,0,0,-8.0908,11.85,0.1555,
113,NRB,1,0,0,0,0,0.0495,0,0,7.3387,0,1.0828,1.1829,0,0,260.0031,0,0,-4.9797,11.85,0.3333,
114,NRB,0,0,0,0,0,0.0633,0,0,4.3859,0,0.7167,0,0,0,209.4625,0,0,-6.6836,11.9,0.2041,
115,NRB,0,0,0,0,0,0.0633,0,0,2.7081,0,0.8903,0,0,0,171.2384,0,0,-3.3904,11.9,0.3333,
122,NRB,0,0,0,0,3,0.0397,1,2,5.2816,1,1.291,0.9378,0,0,226.4572,0,0,9.4312,11.89,2.3086,
137,NRB,0,0,0,0,0,0.0459,0,4,3.6109,0,0.9763,0,0,0,176.6983,0,0,6.5826,11.9945,0.6325,
151,RB,0,0,0,0,6,0.0807,1,0,2.6391,1,1.1931,0.6108,0,0,192.1047,0,0,-10.8963,11.89,0.4369,
156,NRB,0,0,0,0,1,0.0767,0,0,0,0,0.7092,1.1,0,0,216.944,1,0,-6.4023,11.89,0.3346,
159,NRB,0,0,0,0,5,0.0454,1,0,4.8442,1,1.4163,0.6602,0,0,198.0036,1,3.8684,3.8366,11.89,1.8153,
162,RB,0,0,0,0,4,0.0939,0,0,2.1972,0,0.9219,1.637,0,0,172.7954,0,4.0769,0.8276,11.89,0.4928,
166,NRB,1,1,0,0,4,0.0504,1,6,7.4658,0,1.7196,1.0044,0,1,245.5984,0,0,0.9215,11.89,1.5388,
168,RB,0,0,0,0,2,0.0625,1,0,3.2189,1,0.7525,1.8592,0,0,225.1184,0,1.1602,13.5651,11.89,0.424,
171,RB,0,0,0,0,1,0.0752,1,0,0,0,0.6862,0,0,0,226.6586,0,0,-9.5799,11.89,0.1854,
178,NRB,1,0,0,0,4,0.0484,1,2,7.0823,0,1.5346,0.9804,0,1,219.5303,0,0,2.7146,11.89,1.0327,
179,RB,0,0,0,0,1,0.0654,1,1,4.343,0,0.7986,1.2511,0,1,218.8827,0,0,10.7285,11.89,0.2998,
180,RB,0,0,0,0,2,0.0612,1,1,4.4371,0,1.0734,1.0259,0,1,212.5508,0,0,2.8911,11.89,0.433,
185,RB,0,0,0,0,3,0.0484,1,1,2.9444,1,0.9008,0.8058,0,0,179.8683,1,0,-2.994,11.89,0.5275,
189,RB,0,0,0,0,1,0.0744,1,1,3.8408,0,0.7986,0.8341,0,1,217.2418,0,0,3.6419,11.89,0.1854,
198,RB,0,0,0,0,2,0.074,1,0,3.8408,1,0.7986,1.0918,0,0,216.9177,1,0,-4.8489,11.89,0.2012,
206,NRB,1,0,0.091,0,9,0.0484,0,0,5.2109,0,1.2747,1.8615,0,0,179.0246,1,0,4.9893,11.89,4.0336,
207,NRB,1,1,0,0,6,0.0437,0,3,7.8027,0,1.4972,1.2232,0,1,217.6868,1,0,8.9907,11.9985,3.1388,
210,NRB,1,0,0,0,6,0.044,0,0,6.8882,0,1.3755,1.5192,0,0,202.0193,1,0,5.5509,11.89,2.8669,
211,NRB,1,0,0,0,12,0.0418,0,0,6.6794,0,1.6092,1.0777,0,0,187.7661,1,0,6.4746,11.89,5.6362,
218,NRB,1,0,0.1743,0,3,0.069,0,0,0,0,0.7603,1.0796,0,0,195.4693,1,0,0.3696,11.89,1.4079,
223,NRB,0,0,0,0,5,0.0477,1,6,6.8919,0,1.6599,1.0088,0,1,203.936,1,0,3.9951,11.89,2.7115,
234,NRB,1,0,0,0,6,0.0466,0,0,6.4082,0,1.3144,1.0987,0,0,262.7169,1,0,92.1884,11.9988,2.1526,
248,RB,1,0,0,0,2,0.0663,1,0,3.2189,0,1.0342,1.2547,0,0,178.9823,1,3.2887,1.1641,11.9,1.2044,
251,NRB,1,0,0,0,3,0.0696,0,0,1.0986,0,1.0241,1.2717,0,0,163.6527,1,0,-0.9194,11.89,0.8635,
254,RB,0,0,0,0,2,0.0971,0,0,0,0,0.8566,1.6927,0,0,182.0196,0,4.0352,-1.3477,11.89,0.433,
262,RB,0,0,0,0,7,0.0611,1,0,1.6094,1,0.8672,1.6758,0,0,166.0868,1,0,-4.1524,11.89,1.7951,
266,RB,0,0,0,0,3,0.0767,0,0,0,0,0.8649,1.625,0,0,182.0196,0,4.7176,-5.3053,11.89,0.6107,
272,RB,1,0,0,0,2,0.0663,1,0,0,0,0.7986,1.4521,0,0,209.7637,0,0.8652,-4.069,11.89,0.4811,
274,NRB,1,0,0,0,4,0.0591,0,0,0,0,0.7986,1.5344,0,0,188.057,0,0,-4.8426,11.89,0.7698,
277,NRB,1,0,0,1,6,0.0509,0,0,6.4437,0,1.4758,0.991,0,0,214.2009,1,0,1.0829,11.89,1.5415,
278,NRB,1,0,0,0,4,0.0426,0,0,6.9525,0,1.3324,1.2837,0,0,216.0974,0,0,0.3371,11.89,1.1979,
280,NRB,1,0,0,0,2,0.0546,0,0,6.2524,0,0.9792,1.197,0,0,220.033,0,0,-4.2872,11.89,0.5516,
283,NRB,1,0,0,0,3,0.067,0,0,0,0,0.7603,0,0,0,194.5976,0,0,-3.0532,11.89,0.5516,
284,NRB,1,0,0,0,2,0.0752,0,0,0,0,0.7603,0,0,0,199.2694,0,0,-4.6669,11.89,0.3849,
287,NRB,0,0,0,0,2,0.0621,1,2,0,0,0.7603,0,0,0,188.5674,0,0,5.1946,11.89,0.5266,
297,RB,1,0,0,0,2,0.09,1,0,2.6391,1,1.4549,0.9635,0,0,163.8411,1,0,1.0661,11.89,0.4728,
299,NRB,1,0,0,0,6,0.065,1,0,5.0414,1,1.5575,1.0026,0,0,181.4601,1,0,5.1182,11.89,1.0442,
302,RB,0,0,0,0,3,0.0665,1,0,4.2172,1,0.9426,1.1109,0,0,200.9263,1,0,6.8586,11.9962,0.5866,
309,RB,0,0,0,0,6,0.0543,1,0,4.978,1,1.1073,1.2822,0,0,198.2304,1,0,9.2958,11.89,1.0442,
310,NRB,0,0,0,0,3,0.0558,0,0,6.3455,0,1.0024,0.9963,0,0,214.2893,1,0,1.7765,11.89,0.643,
363,RB,1,0,0.3814,0,3,0.0466,0,0,1.0986,0,0.9658,0,0,0,172.7954,1,0,-13.2358,11.89,1.6903,
366,RB,1,0,0.2818,0,3,0.0466,1,0,1.6094,0,0.9658,0,0,0,183.2926,0,0,-14.5904,11.89,1.6108,
369,NRB,1,0,0.1214,0,4,0.0558,0,2,4.1109,0,1.0793,1.0868,0,0,192.9741,0,0,10.1855,11.9,2.263,
370,NRB,1,0,0.3807,0,4,0.0548,0,2,0,0,0.8858,0,0,0,158.9894,0,0,4.4527,11.9,2.3006,
377,NRB,0,1,0,0,1,0.0417,1,2,6.1686,0,1.106,1.2984,0,1,275.5833,0,0,10.6081,11.9985,0.9612,
387,NRB,0,1,0,0,1,0.0535,0,1,3.6628,0,0.6142,0.2699,0,1,247.9297,0,0,-26.3562,11.89,0.688,
389,NRB,1,1,0,0,4,0.0422,0,3,7.6946,0,1.272,0.579,0,1,230.24,1,0,9.3475,11.9985,1.9721,
390,NRB,1,0,0.1252,0,9,0.0478,0,0,3.4657,1,1.3433,0.8929,0,0,165.8581,1,0,9.3492,11.89,4.0425,
391,NRB,1,0,0,0,2,0.0524,1,1,4.1109,0,1.2702,0.8183,0,0,190.1525,1,0,2.3125,11.9,1.1326,
395,NRB,1,0,0.0147,0,5,0.0481,0,0,3.1689,0,0.8603,0,0,0,188.971,1,0,1.6311,11.89,1.6891,
399,NRB,0,0,0,0,1,0.0569,0,2,3.8408,0,0.575,0,0,1,237.0164,0,0,5.6917,11.999,0.4024,
401,NRB,1,0,0,0,8,0.0427,0,0,6.351,0,1.498,0.495,0,0,195.936,1,0,4.3956,11.89,3.2936,
402,NRB,1,0,0,0,2,0.0551,0,2,3.6376,0,1.1736,1.0891,0,0,165.3595,0,0,-3.3409,11.9,1.1518,
413,NRB,0,0,0,0,1,0.0696,0,1,3.1689,0,0.5813,0.8875,0,1,226.3717,1,0,-3.0857,11.89,0.3209,
418,NRB,0,0,0,0,1,0.0628,0,2,3.8408,0,0.7199,1.0206,0,1,237.0164,0,0,6.2278,11.89,0.3708,
425,NRB,1,0,0,0,3,0.0637,0,0,0,0,0.7718,0,0,0,200.0476,1,0,-18.0852,11.89,0.4696,
443,NRB,0,1,0,0,1,0.0721,0,0,0,0,0.4237,0,0,0,243.9104,1,0,-12.2753,11.89,0.3949,
456,NRB,0,0,0,0,1,0.0463,0,3,7.4084,0,1.0247,1.3289,0,1,242.6419,1,0,-0.1706,11.89,0.4696,
458,NRB,0,0,0,0,2,0.0721,0,0,0,0,0.6066,0,0,0,206.0718,1,0,-10.1242,11.89,0.3632,
465,NRB,1,0,0,0,1,0.0523,1,0,3.434,1,0.891,0.8153,0,0,201.4096,1,0,0.8583,11.9,0.6206,
467,NRB,1,0,0,0,2,0.0399,1,2,7.6626,0,1.2894,1.0134,0,1,255.5743,0,0,1.0073,11.89,1.0127,
471,NRB,1,0,0,0,2,0.0752,0,1,0,0,0.7146,0,0,1,198.6685,0,0,-16.8314,11.89,0.3608,
481,NRB,0,0,0,0,2,0.0752,0,1,0,0,0.7318,0,0,1,198.6685,0,0,-16.908,11.89,0.3527,
483,NRB,0,0,0,0,1,0.061,0,0,5.5576,0,0.8734,1.2946,0,0,234.4275,1,0,1.4383,11.89,0.3027,
487,NRB,0,0,0,0,1,0.0707,0,1,3.1689,0,0.5761,0,0,1,226.9588,0,0,-5.6217,11.89,0.2464,
489,RB,0,0,0,0,1,0.0707,1,0,3.1689,1,0.6009,0,0,0,226.0882,1,0,-5.4417,11.89,0.2621,
495,RB,0,0,0,0,2,0.0694,1,0,2.0794,1,0.9886,0.4537,0,0,175.6212,1,0,-2.891,11.89,0.4153,
511,NRB,1,0,0,0,1,0.0389,0,0,6.2032,0,1.2998,0.8646,0,0,209.7637,1,0,-8.1611,11.89,1.5614,
530,NRB,1,0,0,0,8,0.0472,0,0,5.1828,0,1.2995,1.5689,0,0,179.0246,1,0,3.4977,11.89,3.0006,
540,RB,0,0,0,0,3,0.0793,1,0,0,1,0.9531,1.2196,0,0,178.8992,0,0,5.2359,11.89,0.3699,
556,NRB,1,0,0,0,7,0.051,0,0,4.8081,0,1.1793,1.2953,0,0,181.4149,1,0,4.5082,11.89,2.8181,
559,NRB,1,0,0,0,2,0.055,0,0,6.4947,0,1.2263,1.1605,0,0,215.7582,0,0,-6.0798,11.89,0.4024,
565,RB,1,0,0,0,1,0.0564,0,0,6.2633,0,0.9544,1.0658,0,0,227.3003,0,0,-4.1747,11.89,0.2845,
567,RB,0,0,0,0,1,0.0764,0,0,0,0,0.6893,0,0,0,206.0718,1,0,-4.7646,11.89,0.1924,
573,NRB,1,0,0,0,12,0.0414,1,1,5.425,1,1.6852,1.1729,0,0,176.3486,1,0,-2.6915,11.89,3.7328,
591,NRB,1,0,0,0,6,0.0371,1,1,5.6699,0,1.4382,1.0327,0,0,184.69,0,4.5616,0.2417,11.89,1.9865,
595,RB,0,0,0,0,6,0.0797,1,0,3.8501,1,1.4276,0.9116,0,0,174.2486,1,2.337,-0.4648,11.89,0.5045,
596,NRB,1,0,0,0,9,0.0562,1,0,5.912,1,1.6951,0.9562,0,0,182.2895,1,0,2.2216,11.89,0.965,
599,RB,0,0,0,0,4,0.085,1,0,1.9459,1,1.106,0.9354,0,0,164.763,1,0,-1.2179,11.89,0.263,
602,NRB,0,0,0,0,4,0.0906,1,0,1.6094,1,1.0559,0.954,0,0,178.3758,1,0,-0.747,11.9985,0.263,
603,NRB,0,0,0,0,3,0.113,0,0,1.0986,0,1.0492,0.7877,0,0,163.6527,1,1.5363,-1.5106,11.89,0.2041,
617,NRB,0,0,0,0,1,0.0703,1,0,5.0173,0,1.0539,1.0996,0,0,203.1859,0,2.9497,1.3911,11.89,0.2141,
619,RB,0,0,0,0,1,0.0918,1,0,3.4965,1,1.4464,1.008,0,0,174.0532,1,9.0783,0.0057,11.89,0.0645,
624,RB,0,0,0,0,2,0.1021,1,0,0,0,0.7702,0.8226,0,0,164.0746,0,0,0.2943,11.89,0.1443,
627,NRB,0,0,0,0,2,0.0587,0,2,5.8733,0,1.4697,0.9371,0,1,196.5462,0,0,1.0174,11.89,0.4541,
634,RB,0,0,0,0,1,0.1003,1,0,1.3863,1,0.7702,0.828,0,0,166.0868,1,0,0.3727,11.89,0.0645,
642,RB,0,0,0,0,3,0.0797,1,1,3.434,0,1.5794,0.9736,0,0,174.6168,0,4.6322,-0.0823,11.89,0.4984,
656,NRB,1,0,0,0,2,0.0613,0,1,6.0839,0,1.6497,1.0297,0,1,186.6443,0,0,1.5274,11.89,0.4024,
658,RB,0,0,0,0,5,0.0832,1,1,2.4849,0,1.2615,0.9178,0,0,164.3224,0,0,-0.3946,11.89,0.1764,
660,NRB,1,0,0,0,1,0.075,0,0,3.8982,0,1.2318,0.9409,0,0,182.8789,1,0,-1.1165,11.89,0.1924,
663,NRB,1,0,0,0,2,0.0675,0,0,4.8261,0,1.5023,0.9886,0,0,174.4226,1,0,-0.4108,11.89,0.255,
668,RB,0,0,0,0,5,0.0839,1,1,2.6391,0,1.3671,0.933,0,0,164.0476,0,0,-0.1998,11.89,0.1764,
677,RB,0,0,0,0,3,0.0819,1,1,2.5649,1,1.3679,0.9637,0,0,163.041,0,0,4.3535,11.89,1.7071,
684,RB,0,0,0,0,2,0.0975,0,0,1.9459,0,1.3087,0.9454,0,0,155.9488,0,0,-0.0741,11.89,0,
692,RB,0,0,0,0,2,0.095,0,0,2.3026,0,1.427,0.959,0,0,156.9585,0,0,-0.0485,11.89,0,
696,NRB,0,0,0,0,4,0.0849,1,2,3.7136,0,1.6709,0.9676,0,0,164.1984,0,0,-0.0756,11.89,0.1443,
699,RB,0,0,0,0,3,0.0691,1,0,3.6889,1,1.5778,1.025,0,0,169.6395,1,0,-0.4737,11.89,0.4327,
701,RB,0,0,0,0,2,0.094,0,0,2.4849,0,1.4814,0.9648,0,0,157.4605,0,0,-0.0382,11.89,0,
703,NRB,1,0,0,0,1,0.077,1,0,3.3322,1,1.5235,0.9688,0,0,172.4599,1,0,0.4892,11.89,0.2514,
708,NRB,0,0,0,0,1,0.091,1,1,2.8904,0,1.5447,0.9743,0,0,161.9688,0,0,0.0513,11.89,0.0833,
718,RB,0,0,0,0,2,0.0912,0,0,3.2189,0,1.6402,0.9817,0,0,159.2252,0,0,-0.0127,11.89,0,
724,RB,0,0,0,0,2,0.0905,0,0,3.4965,0,1.6754,0.9858,0,0,159.7504,0,0,-0.008,11.89,0,
725,RB,0,0,0,0,2,0.0903,0,0,3.6109,0,1.6867,0.9873,0,0,159.9424,0,0,-0.0066,11.89,0,
728,RB,0,0,0,0,3,0.0881,1,0,3.7377,1,1.6891,0.9865,0,0,162.7082,1,0,-0.0236,11.89,0.0589,
731,NRB,0,0,0,0,2,0.0933,0,1,2.8904,0,1.4737,0.963,0,0,166.4935,0,0,0.0949,11.89,0,
732,NRB,0,0,0,0,3,0.0734,1,1,3.2189,0,1.5784,0.9863,0,0,165.3646,1,0,0.802,11.9961,0.411,
737,RB,0,0,0,1,6,0.0852,0,0,4.0604,0,1.6725,1.0015,0,0,163.1134,1,0,0.1685,11.89,0.0913,
742,RB,0,0,0,0,2,0.0965,0,0,2.0794,0,1.3096,0.9492,0,0,157.292,1,0,0.0334,11.89,0,
747,NRB,0,0,0,1,2,0.0651,0,0,3.9512,0,1.6137,1.1097,0,0,171.2433,1,0,0.6145,11.9,0.327,
756,NRB,0,0,0,0,16,0.0729,1,0,4.9628,1,1.708,0.9275,0,0,176.623,0,0,3.176,11.89,0.9428,
758,RB,0,0,0,0,2,0.1006,0,0,1.6094,0,1.1164,0.9216,0,0,156.1413,1,0,0.0545,11.89,0,
759,RB,0,0,0,0,2,0.103,0,0,1.3863,0,1.0248,0.9049,0,0,155.6182,1,0,0.0662,11.89,0,
769,RB,0,0,0,0,4,0.0846,1,0,3.3673,1,1.5567,0.9725,0,0,167.8899,1,0,-0.5433,11.89,0.1179,
771,RB,0,0,0,0,4,0.0579,0,0,3.1781,1,1.2159,0.9686,0,0,168.7068,1,0,-0.3717,11.9962,0.41,
774,NRB,0,0,0,0,4,0.0628,1,0,5.0018,1,1.4109,1.0131,0,0,187.3297,1,0,4.163,11.89,0.2277,
776,RB,0,0,0,0,2,0.0947,1,0,1.7918,1,0.8762,0.8119,0,0,175.6212,1,1.1943,-3.8024,11.79,0.0481,
780,RB,0,0,0,0,4,0.103,0,1,1.3863,0,1.1139,1.0653,0,0,152.7473,0,0,-0.0186,11.89,0,
794,RB,0,0,0,0,3,0.0986,1,0,0,1,0.7017,1.0738,0,0,177.337,0,0,-6.782,11.89,0.2184,
803,RB,0,0,0,0,4,0.1021,0,0,0,0,0.7083,0.8646,0,0,155.7896,0,0,2.4424,11.89,0.1826,
806,NRB,1,0,0,0,4,0.0355,1,4,7.5514,0,1.4793,0.984,0,1,227.693,0,0,3.818,11.89,0.8213,
808,RB,0,0,0,0,6,0.103,0,0,1.3863,0,0.9695,0.9697,0,0,158.5109,0,0,0.9822,11.89,0,
813,NRB,0,0,0,1,4,0.096,0,0,1.3863,0,1.0037,0.9831,0,0,170.0333,0,0,-6.6792,11.89,0.1957,
815,RB,0,0,0,1,6,0.0815,0,0,2.3026,0,1.3459,1.2665,0,0,193.7492,0,0,-17.5899,11.89,2.466,
817,NRB,0,0,0,0,5,0.0498,0,3,5.7628,0,1.1507,1.1785,0,1,208.4538,0,0,3.1959,11.9974,0.5893,
818,NRB,0,0,0,0,4,0.0498,0,3,6.0064,0,1.3977,1.0902,0,1,207.6518,0,0,5.5602,11.9984,0.8767,
819,NRB,0,0,0,0,4,0.0498,0,4,6.0064,0,1.3977,1.1374,0,1,207.5631,0,0,5.8289,11.999,0.728,
826,NRB,0,0,0,0,4,0.0602,1,1,4.7067,0,1.0856,0.8901,0,1,202.9328,0,3.3603,-5.2341,11.89,0.3406,
830,NRB,1,0,0,0,8,0.0361,1,2,8.7157,1,1.5365,0.9813,0,1,221.0601,1,0,-1.9514,11.85,1.0365,
839,NRB,0,0,0,0,6,0.0871,0,1,0,0,0.5675,0,0,0,162.1379,0,0,-6.3371,11.9968,0.1581,
840,RB,0,0,0,0,6,0.0664,0,3,1.3863,0,1.0669,0.5998,0,0,157.4046,0,0,-2.6029,11.89,0.4743,
848,NRB,0,0,0,0,4,0.0607,0,5,4.5708,0,1.0535,1.44,0,0,192.2945,0,0,12.8285,11.89,0.5111,
852,NRB,0,0,0,0,4,0.0695,1,0,1.6094,1,0.8462,1.1876,0,0,212.4829,0,1.1992,2.1218,11.9985,0.2534,
862,RB,0,0,0,0,2,0.0674,1,0,3.8937,1,0.8113,1.1511,0,0,216.8937,1,0,-4.6746,11.9963,0.1784,
872,RB,0,0,0,0,2,0.0687,1,0,3.6628,0,0.7769,0.8841,1,0,216.8937,1,0.7103,-8.1597,11.85,0.2197,
875,NRB,0,0,0.032,0,5,0.0479,0,1,5.8212,0,1.232,0.9696,0,1,199.4152,1,2.255,1.1537,11.89,1.1841,
876,RB,0,0,0,0,2,0.0821,0,0,2.7842,0,0.7708,0.6711,0,0,206.0718,1,0,-9.2727,11.89,0.068,
881,RB,0,0,0,0,8,0.1006,0,0,1.6094,0,1.0986,1.3385,0,0,160.4402,0,0,-0.8692,11.89,0,
884,NRB,0,1,0,1,2,0.0512,0,0,5.6537,0,1.1717,1.137,0,0,271.7456,1,0,-16.2995,11.999,1.6917,
886,NRB,0,1,0,1,4,0.0532,0,1,4.9512,0,1.1036,1.0509,0,1,267.294,1,0,-37.6533,11.9985,1.4126,
887,NRB,0,0,0,1,4,0.061,0,2,5.2637,0,1.303,1.0398,0,0,231.7004,0,0,-26.9199,11.85,1.0521,
910,RB,0,0,0,0,1,0.0752,0,0,0,0,0.4189,0,0,0,277.2708,0,0,-15.744,11.9986,0.4674,
916,NRB,1,0,0.9682,0,0,0.026,0,0,6.0707,0,1.2556,2.7032,0,0,317.4478,1,0,34.2703,11.9985,2.914,
921,NRB,0,0,0,0,0,0.0461,0,0,0,0,0.0311,0,0,0,374.9232,0,0,-9.1489,11.9986,2.108,
925,NRB,0,1,0,0,0,0.0461,0,0,0,0,0.5451,0,0,0,463.7439,0,0,0,11.9986,0.8504,
934,NRB,0,1,0,0,0,0.0445,0,0,6.7972,0,0.851,1.3642,1,0,347.9638,1,0,-25.6122,11.9985,0.8904,
935,NRB,0,1,0,0,0,0.0576,1,0,5.2321,1,1.0182,0.8329,0,0,321.3281,1,0,5.8373,11.9985,0.933,
936,NRB,0,1,0.8254,0,1,0.0638,0,0,3.1689,0,0.4126,0,0,0,371.8483,0,0,-9.8499,11.9986,2.118,
938,NRB,0,1,0,0,0,0.0736,0,1,3.8408,0,0.6838,0.4206,0,0,270.1202,0,0,-6.1258,11.9985,0.3068,
939,NRB,1,1,0.7303,0,1,0.0483,0,0,5.942,0,0.7986,0.7288,0,0,311.7445,0,0,0.0665,11.9985,2.485,
943,NRB,0,1,0,0,0,0.0681,0,1,4.4067,0,0.587,0.711,0,1,323.2512,0,0,-35.5117,11.9986,0.4019,
950,NRB,0,1,0,0,1,0.0733,0,0,4.1322,1,0.7986,0.93,0,0,294.4463,1,0,-56.7814,11.9985,0.257,
952,NRB,1,1,0,0,0,0.0439,1,0,7.1536,1,0.7391,0.5557,0,0,326.8406,1,0,-4.1562,11.9985,0.68,
960,NRB,0,1,0,0,0,0.0596,0,0,6.0187,0,0.6281,0,0,0,275.3737,0,0,-8.858,11.9985,0.3192,
963,NRB,0,1,0,0,0,0.0783,0,1,3.1689,0,0.41,0,0,0,295.0953,0,0,-17.1992,11.9986,0.2358,
965,NRB,0,1,0,0,0,0.0783,1,0,2.7842,0,0.3977,0,0,0,274.3142,0,0.9113,-20.5573,11.9986,0.247,
969,NRB,0,1,0,0,0,0.06,0,2,5.2381,0,0.801,1.066,0,1,264.9081,0,0,-21.1504,11.9985,0.4717,
975,NRB,0,0,0,1,6,0.0503,0,0,2.5649,0,1.0714,1.1299,0,0,250.4021,0,0,-4.4575,11.9985,0.5362,
982,NRB,0,1,0,0,1,0.0715,0,0,0,0,0.4187,0,0,0,308.7967,0,0,-26.6723,11.9986,0.4452,
995,NRB,0,0,0,0,6,0.1067,0,0,1.0986,0,0.4328,1.0817,0,0,197.9468,0,0,9.832,11.9986,0,
997,NRB,0,1,0,0,0,0.0482,0,1,6.3515,0,0.894,1.1759,0,1,314.9519,1,0,7.5334,11.9985,1.1271,
1000,RB,0,0,0,0,1,0.0679,0,0,4.343,0,0.7946,1.3084,0,0,261.9852,0,0,11.261,11.999,0.7063,
1002,NRB,0,0,0,0,1,0.0653,1,1,3.8408,0,0.7986,0.6535,0,1,209.6945,0,0,-12.7641,11.89,0.2776,
1003,NRB,1,0,0,0,8,0.0399,1,6,7.169,0,1.606,1.5388,0,1,250.9602,0,0,256.4931,11.9989,3.7133,
1008,NRB,0,1,0,0,0,0.0587,0,2,4.5591,0,0.801,0.9411,0,1,243.0604,0,0,-4.5814,11.9935,0.6799,
1011,NRB,0,0,0,0,0,0.0759,0,2,0,0,0.7603,1.4592,0,0,241.1602,0,0,-60.5109,11.9971,1.0278,
1046,NRB,0,0,0,1,1,0.085,1,1,0,0,0.978,1.0613,0,0,215.5587,0,0,-71.9473,11.999,2.2631,
1050,NRB,0,0,0,0,1,0.0692,0,1,4.2749,1,0.8477,1.0307,0,0,209.9856,1,0,-3.1472,11.9935,0.2764,
1053,NRB,0,0,0,0,2,0.0624,0,1,4.6563,1,0.8563,1.1082,1,0,200.581,1,0,-0.4866,11.9934,0.3952,
1055,NRB,0,0,0,0,0,0.0663,1,1,0,1,0.7986,1.2406,0,1,217.1992,1,0,-11.68,11.9935,0.2123,
1057,NRB,0,0,0,0,0,0.0871,0,1,0,0,0.6839,0,0,1,205.158,0,0,-9.9069,11.9935,0.0833,
1068,RB,0,0,0,0,0,0.1006,1,0,0,1,0.6763,0.824,0,0,203.0741,0,1.9838,-25.9787,11.9964,0.0962,
1074,NRB,1,0,0,0,0,0.0508,1,0,5.5267,1,1.0519,1.8332,0,0,237.7685,1,0,-12.0337,11.9962,0.5603,
1076,NRB,1,0,0,0,0,0.049,1,0,6.9054,1,1.0891,1.0353,0,0,238.9268,1,0,-12.3561,11.9962,0.4167,
1079,RB,0,0,0,0,0,0.064,1,0,4.343,1,0.8772,0.8608,0,0,225.4821,1,0,-8.7346,11.9962,0.2277,
1094,RB,0,0,0,0,3,0.0971,1,0,0,1,0.9203,1.3444,0,0,168.7068,0,0,-7.5353,11.89,0.25,
1096,NRB,0,1,0,0,0,0.055,0,0,2.7842,0,0.6902,2.7859,1,0,297.9254,1,0,19.2408,11.9986,0.5627,
1100,NRB,0,0,0,0,0,0.0666,0,2,3.1689,0,0.7066,0.7053,0,1,217.4544,1,0,-12.1253,11.85,0.2601,
1103,RB,0,0,0,0,0,0.0666,1,0,3.1689,1,0.7027,0.7847,1,0,225.1184,1,0,-13.3899,11.85,0.2525,
1105,NRB,0,1,0,0,1,0.0539,1,1,4.9432,0,1.0763,1.0672,0,1,222.8195,1,0,4.6613,11.89,0.5702,
1106,NRB,1,0,0,0,0,0.0516,1,0,5.7602,0,0.9601,1.0462,0,0,239.7039,1,0,-2.7872,11.9962,0.3391,
1110,RB,0,0,0,0,0,0.0625,0,0,4.3208,0,1.0484,0.6936,1,0,204.6904,1,1.8624,-3.8105,11.9962,0.2357,
1115,NRB,0,0,0,0,1,0.0621,1,2,4.4953,0,0.9056,1.0848,0,1,204.1627,1,0,-4.3935,11.89,0.3277,
1124,NRB,0,0,0,0,0,0.0687,0,1,2.7842,0,0.7,0.5916,0,1,226.3717,1,0,-8.4158,11.85,0.1859,
1126,RB,0,0,0,0,0,0.0764,0,0,0,0,0.6848,0,0,0,214.4747,1,0,-4.7863,11.85,0.1426,
1128,NRB,0,0,0,0,0,0.058,0,0,6.1239,0,0.887,0.5338,0,0,235.7234,1,0,-7.9712,11.9962,0.2144,
1129,NRB,0,0,0,0,0,0.0871,0,0,0,0,0.6816,0,0,0,214.3549,1,0,-11.952,11.9963,0.068,
1132,RB,0,0,0,0,0,0.0783,0,1,2.151,0,0.7065,0,0,1,205.7821,1,0,-14.6214,11.9963,0.1423,
1148,NRB,0,0,0,0,0,0.0496,0,6,5.8732,0,1.1785,1.9218,0,0,176.2017,0,0,8.328,11.9962,0.4696,
1161,NRB,0,0,0,0,2,0.0447,0,0,0,0,0.1314,0,0,0,256.526,0,0,0.3254,11.9976,0.5164,
1163,NRB,0,0,0,0,0,0.044,1,1,5.5289,0,0.9696,1.597,0,1,319.6923,0,0,6.4659,11.9985,1.9278,
1169,NRB,0,0,0,0,2,0.0227,0,0,3.2189,0,0.7093,0,0,0,259.2016,0,0,-2.2604,11.9975,1.3404,
1170,NRB,0,1,0,0,1,0.0595,0,1,3.8408,0,0.5585,0,0,1,280.5334,0,0,-14.4402,11.9986,0.4974,
1172,NRB,0,1,0,0,1,0.0602,0,0,0,0,0.3794,0,0,0,274.9371,0,0,-14.785,11.9986,0.4065,
1177,NRB,0,0,0,0,0,0.0752,0,2,0,0,0.7608,0,0,0,285.6499,0,0,-6.9944,11.85,0.1667,
1186,NRB,0,0,0,0,0,0.0566,0,2,6.2107,0,0.872,1.0723,0,1,313.7557,0,0,-9.6014,11.998,0.5767,
1198,NRB,0,0,0,0,0,0.0495,0,1,6.3772,0,0.8843,1.1796,0,1,269.6543,0,0,-18.0695,11.9985,0.4979,
1210,RB,0,0,0,0,0,0.0664,1,1,4.1231,1,0.7986,0.8318,0,0,209.9856,1,0,-5.1237,11.85,0.2884,
1212,NRB,0,0,0,0,1,0.0775,1,4,2.3026,1,0.6592,0.7675,0,0,168.5505,1,0,-5.7435,11.9936,0.2427,
1217,NRB,0,0,0,0,0,0.0442,0,1,7.1995,0,1.0771,0.9481,0,1,257.4664,1,0,-4.4159,11.999,0.8647,
1221,NRB,1,1,0,0,0,0.0424,0,2,7.3751,0,1.2902,0.9018,0,1,275.8679,0,0,-12.3879,11.9985,1.2317,
1224,NRB,1,0,0,0,0,0.04,1,1,7.3202,0,1.137,1.0359,0,1,280.4113,1,0,-14.0881,11.85,0.9624,
1229,NRB,0,1,0,0,0,0.0652,1,1,0,1,0.4505,0.9479,0,1,254.7757,1,0,-32.8552,11.9986,0.376,
1236,NRB,0,0,0,0,0,0.0767,0,2,0,0,0.5403,0.9082,0,1,227.9384,0,0,-3.9271,11.85,0.2141,
1240,NRB,0,0,0,0,0,0.0567,0,4,5.4548,0,0.7986,1.0975,0,1,242.549,0,0,-4.6606,11.85,0.4751,
1244,NRB,0,0,0,0,0,0.0666,0,3,4.2391,0,0.562,1.0107,0,1,251.9271,0,0,-6.7876,11.999,0.2734,
1260,NRB,0,0,0,0,0,0.0477,0,1,6.7107,0,0.9594,1.2395,0,1,248.8231,1,0,2.6962,11.85,0.6266,
1263,NRB,0,0,0,0,0,0.067,0,2,0,0,0.3814,0,0,1,227.9384,0,0,2.1077,11.85,0.2141,
1273,NRB,0,0,0,0,0,0.0567,0,2,6.1844,0,0.7112,0,0,1,228.7561,0,0,-4.3451,11.85,0.3125,
1282,NRB,0,0,0,0,0,0.0833,0,1,0,0,0.2743,0,0,1,214.5595,1,0,-15.5201,11.9936,0.1479,
1298,NRB,0,0,0,0,1,0.0663,1,1,0,1,0.9092,0.8615,0,0,174.2495,1,0,-4.1874,11.9,0.4012,
1307,NRB,0,0,0,0,2,0.125,0,2,0,0,0.5859,0.6813,0,0,146.8779,0,0,0.1387,11.9936,0,
1311,NRB,0,0,0,0,3,0.0781,0,2,3.4984,0,0.7986,1.1163,0,1,189.3381,0,0,-0.6532,11.85,0.1179,
1314,NRB,0,0,0,0,10,0.0957,0,6,2.1972,0,1.2746,1.0159,0,0,149.2136,0,0,0.1423,11.9934,0,
1318,NRB,0,0,0,0,0,0.0814,1,4,1.9459,0,0.7663,0.7508,0,0,168.5505,0,0,-9.6038,11.999,0.1443,
1327,NRB,1,0,0,0,1,0.0311,1,2,7.1033,0,1.3624,0.9223,1,0,219.2549,1,0,4.7625,11.9933,1.9206,
1329,RB,0,0,0,0,0,0.0521,1,0,5.3773,1,1.1451,1.2639,0,0,202.8816,1,0,5.411,11.9,0.4634,
1331,RB,0,0,0,0,4,0.068,1,0,4.49,1,1.4158,1.056,0,0,217.7901,1,0,-3.5983,11.85,0.25,
1334,RB,0,0,0,0,0,0.0594,1,0,4.7802,1,1.0143,0.8953,0,0,253.7728,1,0,1.0275,11.85,0.25,
1338,NRB,0,0,0,0,0,0.0417,1,2,6.9557,0,1.0212,1.0637,0,1,266.8839,0,0,-2.9473,11.9885,0.5157,
1341,NRB,0,0,0,0,0,0.0515,1,1,5.2762,0,0.7986,1.0922,0,1,256.4425,0,2.5463,0.5454,11.85,0.2358,
1346,NRB,1,0,0,0,0,0.0409,1,0,7.8853,0,1.1641,1.2014,0,0,275.9648,0,0,-2.2287,11.85,0.4855,
1359,RB,0,0,0,0,0,0.0543,1,1,4.9611,0,0.6724,0,0,1,263.7281,0,0,-4.8313,11.85,0.2464,
1364,RB,1,0,0,0,0,0.0409,1,0,6.4667,1,1.0818,0,0,0,310.8712,1,0,-9.1946,11.85,0.4553,
1370,NRB,1,0,0,0,1,0.0433,1,2,6.6065,1,1.388,1.0805,0,1,222.8249,1,0,-2.0763,11.85,0.9673,
1381,RB,0,0,0,0,0,0.0508,0,6,3.8067,0,0.7967,0.01,0,0,187.8734,0,0,9.7593,11.9946,0.5162,
1398,NRB,1,0,0,0,0,0.0499,1,0,5.7681,1,0.7986,1.0531,0,0,239.7039,1,0,-2.3977,11.85,0.4425,
1404,NRB,0,1,0,0,0,0.0673,1,0,3.8408,1,0.4317,0,0,0,301.9785,1,0,19.7751,11.9986,0.4355,
1428,RB,0,0,0,0,0,0.067,1,0,0,1,0.4368,0,0,0,237.5183,1,0,-2.3559,11.85,0.2035,
1430,RB,0,0,0,0,0,0.0752,1,0,0,1,0.4344,0,0,0,238.9268,1,0,-6.0225,11.85,0.129,
1431,RB,0,0,0,0,0,0.0665,1,1,3.8408,1,0.5785,0,0,1,248.7597,1,0,-2.9906,11.999,0.2199,
1435,NRB,0,0,0,0,0,0.0707,1,0,3.1689,1,0.4445,0,0,0,307.3364,1,0,-134.2735,11.9989,0.4838,
1439,RB,0,0,0,0,0,0.0665,1,1,3.8408,1,0.4617,0,0,1,248.7597,1,0,-2.3357,11.9963,0.2194,
1440,RB,0,0,0,0,0,0.0641,1,1,3.8408,1,0.5048,0.8112,0,1,248.7597,1,0,-11.6007,11.9963,0.2392,
1441,NRB,0,0,0,0,0,0.0531,1,4,6.7138,1,1.4028,1.1233,0,1,255.0111,1,0,-8.3747,11.9962,0.7249,
1481,RB,0,1,0,0,0,0.0634,0,0,0,0,0.094,0,0,0,335.5889,1,0,51.226,11.9986,0.5722,
1484,NRB,0,0,0,0,0,0.0449,0,2,7.7315,0,1.6047,1.0256,0,1,260.3779,1,0,1.94,11.999,1.2785,
1485,NRB,0,1,0,0,0,0.0602,0,0,0,0,0.0835,0,0,0,350.9303,1,0,-48.0553,11.9986,0.6753,
1496,RB,0,0,0,0,0,0.0859,1,0,0,0,0.4315,0.4005,0,0,238.9268,1,0.7356,-3.6969,11.85,0.1708,
1498,NRB,0,0,0,0,0,0.0767,0,1,0,0,0.3954,0.9443,0,1,239.2671,1,0,-7.0513,11.85,0.1924,
1500,NRB,1,0,0,0,0,0.0517,1,0,5.9082,0,0.8225,1.1483,1,0,246.3754,1,0,-7.616,11.9962,0.4574,
1501,NRB,1,0,0,0,0,0.0575,0,0,6.3058,0,0.7986,1.0121,0,0,242.7426,1,0,-6.1662,11.85,0.3157,
1502,NRB,1,0,0.0274,0,0,0.0476,0,0,6.1373,0,1.0805,0.9405,0,0,216.944,1,0,-3.502,11.9,0.7425,
1504,NRB,0,0,0,0,0,0.0547,0,0,5.6684,0,0.7986,1.0357,0,0,253.903,1,0,-14.4511,11.85,0.58,
1509,NRB,0,1,0,0,0,0.0721,0,0,0,0,0.0815,0,0,0,299.213,1,0,-21.8684,11.9986,0.4019,
1518,RB,0,0,0,0,0,0.0546,0,0,3.6628,0,0.5489,0,0,0,244.7964,1,0,-5.3574,11.9964,0.4358,
1521,RB,1,0,0,0,0,0.0542,1,0,6.3728,0,0.7393,0.5369,0,0,254.2923,1,0.6782,-4.4438,11.85,0.2922,
1523,NRB,0,0,0,0,0,0.067,0,1,0,0,0.3647,0,0,1,239.2671,1,0,1.0682,11.85,0.1924,
1531,NRB,0,0,0,0,0,0.0596,0,0,6.0187,0,0.6287,0,0,0,247.3805,1,0,-6.8692,11.85,0.2201,
1543,RB,0,0,0,0,0,0.0833,0,0,0,0,0.0112,0,1,0,225.7418,1,0,-15.3277,11.9964,0.1291,
1553,NRB,0,0,0,0,4,0.0679,1,0,3.6889,1,1.416,1.2006,0,0,205.2174,0,2.8144,-7.8935,11.79,0.8514,
1562,NRB,0,0,0,0,4,0.085,0,0,0.6931,0,0.6304,0.9841,0,0,162.3291,0,0,1.585,11.9964,0.2582,
1563,NRB,0,0,0,0,3,0.1162,0,0,0,0,0.5283,1.0187,0,0,169.6799,0,1.5874,1.301,11.79,0.1291,
1565,RB,0,0,0,0,1,0.0796,0,0,3.944,0,0.7986,0.7852,0,0,216.944,0,3.6065,-1.6959,11.85,0.0962,
1574,NRB,0,0,0,0,2,0.0255,0,0,3.2189,0,1.0015,1.0313,0,0,230.8099,1,0,5.063,11.9962,1.3495,
1580,NRB,0,0,0,0,4,0.0561,1,2,5.7396,0,1.2025,0.9324,0,1,213.2682,0,0,-0.4396,11.85,0.404,
1584,RB,0,0,0,0,6,0.0633,0,3,2.9444,0,1.0759,0.8981,0,0,162.3202,0,0,3.4418,11.9963,0.4743,
1592,NRB,0,0,0,0,6,0.1067,0,0,1.0986,0,0.4654,1.0966,0,0,160.0765,0,0,0.9876,11.9964,0,
1599,NRB,0,1,0,0,0,0.0597,0,1,4.7441,0,0.5681,0.6959,0,1,282.8585,0,0,-20.0337,11.9986,0.5782,
1602,NRB,0,0,0,0,0,0.052,1,0,5.1969,0,0.8824,0.7879,0,0,266.3368,0,0.1893,-7.7684,11.999,0.6904,
1603,NRB,0,0,0,0,0,0.0536,0,1,0,0,0.7986,0.1696,0,1,256.587,0,0,-22.0447,11.999,0.4282,
1609,NRB,1,0,0,0,0,0.0401,1,0,6.9794,0,1.119,1.3926,0,0,280.5942,0,0,-1.5252,11.999,0.6777,
1615,NRB,0,0,0,1,6,0.0647,0,2,2.4849,0,1.0144,0.9383,0,0,205.3449,0,0,-9.361,11.9986,0.3786,
1618,NRB,0,0,0,0,4,0.0634,0,2,3.3673,0,1.1463,1.6332,0,0,244.2792,0,0,6.2767,11.997,0.8042,
1624,NRB,0,0,0,0,0,0.0585,0,1,5.8615,0,0.6794,0,0,1,303.7937,0,0,-14.4144,11.9985,0.6087,
NRB,NRB,NRB,NRB,NRB,NRB,NRB,NRB,RB,NRB,NRB,RB,RB,RB,NRB,NRB,NRB,NRB,NRB,NRB,NRB,NRB,NRB,NRB,RB,NRB,RB,NRB,NRB,NRB,NRB,NRB,NRB,NRB,NRB,NRB,NRB,NRB,NRB,NRB,NRB,NRB,NRB,NRB,NRB,NRB,NRB,NRB,NRB,RB,NRB,NRB,NRB,RB,RB,NRB,NRB,NRB,NRB,NRB,RB,RB,RB,RB,RB,RB,NRB,RB,RB,RB,RB,RB,RB,NRB,NRB,RB,RB,RB,RB,RB,RB,RB,NRB,NRB,RB,RB,NRB,NRB,NRB,NRB,NRB,RB,NRB,NRB,NRB,NRB,NRB,NRB,NRB,NRB,NRB,RB,RB,NRB,NRB,RB,RB,NRB,NRB,NRB,NRB,NRB,NRB,RB,NRB,NRB,NRB,NRB,NRB,NRB,RB,NRB,NRB,NRB,RB,NRB,NRB,RB,NRB,RB,NRB,NRB,NRB,RB,RB,NRB,NRB,NRB,RB,RB,RB,NRB,RB,NRB,NRB,NRB,NRB,RB,RB,NRB,NRB,NRB,RB,NRB,NRB,NRB,NRB,RB,RB,NRB,NRB,NRB,NRB,NRB,NRB,NRB,NRB,NRB,RB,RB,NRB,NRB,NRB,NRB,NRB,NRB,NRB,NRB,NRB,NRB,NRB,NRB,NRB,NRB,RB,NRB,NRB,NRB,RB,RB,RB,RB,RB,NRB,NRB,RB,RB,RB,RB,NRB,NRB,NRB,NRB,NRB,NRB,NRB,NRB,RB,NRB,NRB,NRB,NRB,NRB,NRB,NRB,NRB,NRB,RB,RB,NRB,NRB,NRB,NRB,RB,RB,RB,RB,RB,NRB,NRB,NRB,RB,NRB,NRB,