ID,PubchemFP697,PubchemFP362,maxssssC,PubchemFP314,C1SP3,ASP-6,PubchemFP443,nN,piPC8,PubchemFP380,SpMin4_Bhe,GATS7v,PubchemFP824,PubchemFP549,AATS0v,PubchemFP680,SdsCH,AATSC4m,BCUTw-1l,VC-3,Class
2,0,1,0,0,0,0.0442,0,1,3.8408,0,0.355,0,0,1,409.7894,0,0,-3.7108,11.9986,0.7971,Negative
3,0,1,0,0,0,0.0625,0,1,3.8408,0,0.3553,0,0,1,342.2341,0,0,64.7199,11.9986,0.6047,Negative
4,0,1,0,0,2,0.0545,0,6,6.4994,0,1.4053,1.0658,0,1,260.9306,0,0,8.1986,11.9529,0.762,Negative
5,0,1,0,0,0,0.0594,0,1,3.1689,0,0.3603,0,0,1,308.4564,0,0,-32.4179,11.9986,0.4547,Negative
6,0,0,0,0,0,0.0591,0,2,0,0,0.6571,0,0,1,251.1017,0,0,-12.5152,11.999,0.2357,Negative
7,0,0,0,0,1,0.0663,0,1,0,0,0.713,0.755,0,1,254.7757,0,0,-8.492,11.9986,0.2357,Negative
9,0,1,0,0,0,0.0652,0,1,0,0,0.3597,0,0,1,308.4564,0,0,-40.2881,11.9986,0.4452,Negative
10,0,1,0,0,0,0.0767,0,1,0,0,0.3598,0,0,1,274.6788,0,0,-26.6506,11.9986,0.3068,Negative
14,0,0,0,0,0,0.0534,0,3,6.1546,0,0.7342,1.0107,0,1,251.9271,0,0,-9.8515,11.85,0.2546,Negative
16,0,1,0,0,0,0.067,0,1,0,0,0.3625,0,0,1,274.6788,0,0,-4.265,11.9986,0.3068,Negative
17,0,1,0,0,0,0.0605,0,1,3.1689,0,0.3603,0,0,1,308.4564,0,0,-32.4179,11.9986,0.4075,Negative
19,0,0,0,0,0,0.0752,0,1,0,0,0.3626,0,0,1,240.9011,0,0,-3.9425,11.85,0.1179,Negative
20,0,0,0,0,0,0.0665,0,2,3.8408,0,0.5472,0,0,1,251.1017,0,0,-2.3161,11.999,0.2041,Negative
21,0,1,0,0,0,0.0707,0,1,3.1689,0,0.3605,0,0,1,274.6788,0,0,-10.3071,11.9986,0.2657,Negative
22,0,0,0,0,0,0.0821,0,0,3.446,0,0.6136,1.6494,0,0,269.3206,0,4.4581,27.281,11.9988,0.0962,Negative
23,0,0,0,0,0,0.0752,0,0,0,0,0.6097,0,0,0,269.3206,0,0,-41.3093,11.9988,0.4305,Negative
26,0,0,0,0,0,0.0461,0,0,0,0,0.4791,0,0,0,563.4627,0,0,-0,11.9989,1.473,Negative
27,1,0,0,0,0,0.0385,0,0,7.1521,0,0.8293,0.9059,0,0,550.7403,0,0,-116.1889,11.9988,2.58,Negative
28,0,0,0,0,0,0.0419,0,0,6.3332,0,0.8293,0.8444,0,0,536.2034,1,0,12.4019,11.9988,2.557,Negative
29,0,0,0,0,0,0.0614,0,0,3.2189,0,1.0329,1.0798,0,0,273.9489,0,0,-172.905,11.9988,2.7775,Negative
30,0,0,0,0,0,0.0614,0,0,2.1972,0,0.4496,0,0,0,273.9489,0,0,-185.0642,11.9988,1.8516,Negative
33,1,0,0,0,0,0.0575,0,0,6.3058,0,0.7986,1.2891,0,0,306.2586,0,0,-60.8822,11.9988,0.8213,Negative
34,1,0,0,0,0,0.058,0,0,6.1725,0,0.7986,1.089,0,0,275.6984,0,0,-23.6075,11.9988,0.494,Positive
37,0,0,0,0,4,0.0871,1,0,2.8332,1,0.8759,1.0574,0,0,248.8064,0,3.3887,16.2878,11.9988,0.1179,Positive
44,0,0,0,0,2,0.1006,0,0,1.6094,0,1.0308,0.9454,0,0,195.7394,0,0,-4.4948,11.9988,0,Negative
45,1,0,0,0,0,0.0616,0,0,5.4329,0,0.7986,1.0989,0,0,235.149,0,0,0.3278,11.85,0.2357,Negative
46,1,0,0,0,8,0.0479,0,2,6.4851,0,1.4101,1.0712,0,1,211.0267,0,0,1.2908,11.9,1.0798,Negative
47,0,0,0,0,4,0.05,0,1,4.6335,0,0.8341,0.9599,0,1,207.4852,0,0,1.7473,11.9,0.422,Negative
49,0,0,0,0,6,0.0749,0,0,2.3979,0,0.9525,0.8361,0,0,176.8825,0,0,2.2738,11.9,0.2357,Negative
50,0,0,0,0,2,0.0627,0,0,3.9108,0,0.7986,0.9323,0,0,216.9177,1,0,-2.2475,11.9,0.1859,Negative
51,0,0,0,0,2,0.0669,0,0,4.7218,0,0.9502,0.9984,0,0,226.9241,1,0,0.9633,11.85,0.2357,Negative
52,0,0,0,1,3,0.0617,0,0,5.3073,0,1.2216,1.1556,0,0,234.6209,1,0,2.6868,11.85,0.4448,Positive
57,0,0,0,0,2,0.0625,1,0,3.4965,1,0.748,1.9085,0,0,225.1184,0,1.1631,11.3647,11.89,0.3927,Positive
58,0,0,0,0,1,0.0553,0,0,2.1972,0,0.799,0,0,0,199.2694,0,7.0231,-0.8236,11.89,0.4024,Negative
64,0,0,0,0,0,0.0871,0,0,0,0,0.7628,0,0,0,188.057,0,6.5549,-3.1917,11.9,0.1667,Negative
65,0,0,0,0,0,0.0542,0,0,1.6094,0,0.7007,0,0,0,189.4062,1,2.0674,-3.6713,11.9,0.3591,Negative
66,1,0,0,0,0,0.0746,0,0,3.0564,0,0.6788,0.6333,0,0,227.3003,0,3.6528,-6.7259,11.85,0.1925,Negative
67,0,0,0,0,0,0.0871,0,0,0,0,0.6095,0,0,0,227.3003,0,1.8333,-7.5666,11.85,0.0962,Positive
68,0,0,0,0,0,0.0871,0,1,0,0,0.4825,0,0,1,228.3679,0,1.7222,-12.7924,11.79,0.0745,Negative
69,0,0,0,0,0,0.0871,0,1,0,0,0.4493,0,0,1,228.3679,0,1.7933,-9.1017,11.9885,0.0962,Negative
73,0,0,0,0,6,0.0826,0,0,2.7726,1,1.2581,1.0595,0,0,193.4175,0,2.8622,-6.9906,11.79,0.068,Positive
75,0,0,0,0,3,0.0871,0,0,0,0,0.5467,1.0476,0,0,182.4845,0,1.7385,4.041,11.9,0.1179,Negative
76,0,0,0,1,3,0.0798,0,0,2.5649,0,1.1697,1.3447,0,0,197.9396,0,4.4711,-10.2946,11.79,0.1827,Negative
78,0,0,0,0,0,0.0752,1,2,0,0,0.5218,0,0,1,228.7082,0,0,-7.4867,11.85,0.1423,Negative
80,1,0,0,0,5,0.0415,1,3,6.2408,0,1.3994,1.2221,0,1,250.0369,0,0,291.3608,11.9989,1.7235,Negative
81,1,0,0,0,7,0.0426,1,3,6.3787,0,1.4824,1.4164,0,1,245.069,0,0,286.5644,11.9989,1.7914,Negative
82,0,0,0,1,6,0.049,0,2,3.8067,1,1.2085,1.0368,0,0,197.5351,1,0,-2.3465,11.9985,0.6588,Positive
86,0,1,0,0,4,0.0539,1,0,4.6862,1,0.7986,0.6076,0,0,216.1807,1,0,-12.109,11.89,0.9569,Negative
89,1,0,0,0,0,0.0447,0,0,4.3944,0,1.0694,0,0,0,209.4625,0,9.6951,1.0005,11.9,0.5194,Negative
90,0,0,0,0,0,0.0625,0,0,3.7136,0,0.8304,0,0,0,199.2694,0,9.3626,-1.9113,11.9,0.3027,Negative
92,0,0,0,0,2,0.0603,1,0,4.1633,1,0.8113,0.9922,0,0,216.8719,1,0,-4.8035,11.9963,0.2504,Positive
96,1,0,0,0,0,0.049,0,0,6.6313,0,0.9971,0,0,0,245.1382,0,0,-7.1059,11.9,0.35,Negative
97,0,0,0,0,1,0.0437,0,0,2.7081,0,0.7229,0,0,0,190.6328,1,0,-4.1111,11.9,0.4553,Negative
98,1,0,0,0,0,0.0589,0,0,6.0187,0,0.7986,0.9059,0,0,245.1382,0,0,-3.0517,11.85,0.1667,Positive
99,1,0,0,0,0,0.0487,0,1,7.2518,0,0.9574,1.2153,0,1,250.5566,0,0,-3.6036,11.9884,0.311,Negative
100,1,0,0,0,0,0.0511,0,0,7.2698,0,1.0585,0.8287,0,0,251.8274,0,0,-4.2006,11.85,0.3333,Negative
101,0,0,0,0,0,0.048,0,2,6.5324,0,1.2928,1.056,0,1,215.0037,0,0,0.5885,11.9,1.0175,Negative
102,0,0,0,0,0,0.0669,0,2,4.3944,0,1.0189,1.286,0,0,180.4376,0,0,1.1024,11.9,0.2582,Negative
103,0,0,0,0,0,0.0616,0,1,3.0445,0,1.0189,0.9736,0,0,167.7901,0,0,-0.4501,11.9,0.2887,Positive
107,0,0,0,0,0,0.0625,0,3,5.6452,0,0.5681,0,0,1,244.7473,0,0,-8.381,11.999,0.1367,Negative
108,1,0,0,0,0,0.0483,0,1,7.2698,0,0.971,0.9407,0,1,254.785,0,0,-6.1636,11.85,0.2887,Negative
109,1,0,0,0,0,0.0413,0,0,8.1493,0,1.0817,1.0156,0,0,272.5811,0,0,-4.2277,11.85,0.4345,Negative
110,1,0,0,0,0,0.0496,0,0,7.3048,0,0.9561,0.9277,0,0,260.0031,0,0,-5.7558,11.85,0.311,Negative
111,1,0,0,0,0,0.0483,0,0,7.2698,0,0.971,0.8858,0,0,282.269,0,0,-17.1435,11.998,0.4979,Negative
116,0,0,0,0,0,0.0633,0,0,5.8856,0,0.6281,0,0,0,249.1022,0,0,-7.193,11.85,0.1667,Negative
117,0,0,0,0,0,0.0633,0,1,5.8856,0,0.6257,0,0,1,251.3266,0,0,-8.6847,11.85,0.1479,Negative
118,0,0,0,0,0,0.0625,0,1,5.6452,0,0.6521,0,0,1,282.8663,0,0,-22.3337,11.85,0.2413,Negative
119,0,0,0,0,4,0.0417,1,3,4.8368,1,1.3363,0.7911,0,1,213.8069,1,0,7.3014,11.89,2.3326,Negative
123,1,0,0,0,3,0.048,1,1,5.8929,1,1.4603,1.0761,0,0,201.7573,1,0,1.4874,11.89,1.097,Negative
125,0,0,0,0,3,0.0632,0,2,3.3673,0,0.8342,0,0,0,177.6156,0,0,-9.3126,11.9,0.1825,Negative
130,0,0,0,0,4,0.0515,0,2,6.3285,0,1.0189,1.2985,0,1,247.438,0,0,-7.0737,11.9944,0.8506,Negative
131,0,0,0,0,8,0.0642,0,2,3.0445,0,1.0189,1.1893,0,0,199.948,0,0,-25.2316,11.9945,0.474,Negative
145,0,0,0,0,1,0.0664,1,0,2.5649,1,1.0189,1.0187,0,0,184.4747,1,0,-2.7788,11.89,0.3363,Positive
146,0,0,0,0,6,0.0689,1,0,2.7726,1,0.8834,2.0114,0,0,188.9989,0,0,-1.5884,11.89,1.644,Positive
148,0,0,0,0,2,0.0673,1,0,4.2019,1,0.7986,1.4885,0,0,218.5789,1,0,-7.0953,11.89,0.3363,Positive
149,0,0,0,0,3,0.0669,1,0,0,1,0.6597,1.287,0,0,196.2314,0,0,-8.8963,11.89,0.3363,Positive
154,0,0,0,0,2,0.0767,0,0,0,0,0.9365,2.0312,0,0,182.0196,0,2.35,-4.366,11.9,0.5526,Positive
155,0,1,0,0,1,0.0767,0,0,0,0,0.6988,2.3375,0,0,241.8619,0,0,-10.0318,11.89,0.4491,Negative
164,0,0,0,0,1,0.074,1,0,4.5231,0,0.7986,0.9872,0,0,226.7808,0,3.3727,-1.3897,11.89,0.2141,Negative
165,1,1,0,0,2,0.0511,1,6,7.4536,0,1.7189,1.0637,0,1,252.773,0,0,4.5308,11.89,1.2724,Negative
169,1,0,0,0,2,0.0767,1,0,0,0,0.7986,1.5791,0,0,216.944,0,0,-7.8933,11.89,0.3521,Positive
170,0,0,0,0,1,0.0767,1,0,0,0,0.7028,1.0496,0,0,226.0882,1,0,-11.463,11.89,0.2599,Positive
172,0,1,0,0,1,0.0707,1,0,3.1689,0,0.6866,0,0,0,254.4755,0,0,-9.8595,11.89,0.3379,Negative
173,0,0,0,0,2,0.068,1,0,0,1,0.2156,0,0,0,202.2908,1,0,-4.9501,11.89,0.268,Positive
176,0,0,0,0,2,0.0621,1,1,4.4271,0,0.9595,1.1252,0,1,212.5508,0,0,7.4275,11.89,0.4665,Positive
177,1,0,0,0,3,0.058,1,1,4.5139,0,1.0742,0.9642,0,1,207.4852,0,0,3.4247,11.89,0.5997,Negative
187,0,0,0,0,1,0.0657,1,2,3.8408,0,0.7986,0.7487,0,1,209.6187,0,0,1.2095,11.89,0.2816,Positive
190,0,0,0,0,1,0.0694,1,1,3.9919,0,0.8085,0.6895,0,1,217.1992,1,0,-2.4673,11.89,0.2388,Positive
192,0,0,0,0,1,0.0821,0,1,2.7842,0,0.7986,0.7367,0,1,198.6685,0,0,-0.0873,11.9935,0.1179,Negative
195,0,0,0,0,1,0.0689,1,0,4.343,1,0.7779,0.9358,0,0,234.566,1,0,-1.9039,11.89,0.2601,Positive
196,0,0,0,0,4,0.0846,1,0,0,1,0.7526,0.9057,0,0,184.149,0,0,-7.1001,11.89,0.2845,Positive
203,1,0,0,0,5,0.0465,1,1,6.3855,1,1.7133,0.9975,0,0,208.8643,1,0,-4.8673,11.89,1.7928,Negative
205,1,0,0,0,6,0.0507,1,0,5.2109,1,0.9837,1.4576,0,0,192.1442,1,0,6.7466,11.89,2.8292,Negative
208,1,0,0,0,6,0.0439,0,3,7.7253,0,1.4971,1.2724,0,1,208.036,1,0,6.6819,11.999,2.9498,Negative
209,1,0,0.2096,0,9,0.0506,0,0,4.925,0,1.2739,1.7905,0,0,178.2462,0,0,2.3878,11.89,4,Negative
214,1,0,0,0,7,0.051,0,0,4.8081,0,1.0012,1.063,0,0,183.6962,1,0,5.6487,11.89,2.8181,Negative
216,1,0,0.0804,0,3,0.0536,1,0,0,1,0.7986,1.4279,0,0,204.6904,1,0,1.3377,11.89,1.4623,Negative
219,1,0,0,0,3,0.0413,1,0,6.8647,0,1.0769,1.2082,0,0,237.5952,0,0,5.4717,11.89,1.7241,Negative
220,1,0,0.1237,0,3,0.0602,0,0,0,0,0.7603,0,0,0,195.4693,1,0,2.6291,11.89,1.4079,Negative
222,1,0,0.4066,0,5,0.0731,1,0,2.7726,1,1.1431,0.9408,0,0,172.5225,1,0,5.5235,11.89,1.7374,Negative
225,0,0,0.2927,0,3,0.0525,0,2,6.2506,0,0.872,1.2658,0,1,233.5876,0,0,2.0149,11.89,1.8267,Negative
231,0,0,0,0,10,0.0554,0,0,3.0445,0,1.4422,0.3503,0,0,161.0867,1,0,2.7343,11.89,3.9175,Negative
232,1,0,0,0,2,0.0447,0,0,6.0668,0,0.8139,1.2151,0,0,302.1871,1,0,85.1847,11.9988,2.1624,Negative
233,1,0,0.0898,0,6,0.0465,0,0,6.4832,0,1.4754,1.1725,0,0,305.4035,1,0,80.7123,11.9988,3.2865,Negative
235,1,0,0,0,2,0.0547,0,0,5.6684,0,0.7986,1.0321,0,0,220.6932,1,0,-6.7385,11.89,1.0657,Negative
236,1,0,0,0,2,0.0499,0,2,6.2965,0,1.0428,0.7938,0,0,244.4106,1,0,-5.5283,11.89,1.0527,Negative
237,1,0,0,0,6,0.0517,0,0,6.0746,0,1.3141,0.8496,0,0,205.4977,1,0,-6.6231,11.89,1.0527,Negative
238,1,0,0,0,4,0.0484,0,1,6.8752,0,1.7371,0.8618,0,1,224.3938,0,0,-4.9179,11.89,2,Negative
240,1,0,0.1192,0,2,0.0527,0,0,5.0296,0,1.2349,0.913,0,0,216.9731,0,0,-0.5046,11.89,1.2488,Negative
253,1,0,0,0,5,0.0517,1,0,5.877,1,1.4508,0.6387,0,0,211.269,1,2.1823,6.7789,11.89,1.7461,Negative
265,1,0,0,0,3,0.0375,1,0,5.2257,1,1.1478,1.4474,0,0,203.9405,1,4.3331,0.5755,11.89,1.6941,Negative
267,1,0,0,0,6,0.0448,0,0,6.8048,0,1.4176,0.7135,0,0,196.7777,0,0,1.7849,11.89,1.2492,Negative
268,1,0,0,0,3,0.0767,0,0,0,0,1.0189,1.2429,0,0,161.8948,0,0,-2.8534,11.89,0.7887,Positive
269,1,0,0,0,3,0.0767,0,0,0,0,0.7986,1.5771,0,0,194.5976,0,0,-5.1772,11.89,0.5516,Positive
270,1,0,0,0,3,0.0696,0,0,1.0986,0,1.0241,1.2717,0,0,163.6527,1,0,-0.9194,11.89,0.8635,Negative
271,1,0,0,0,3,0.0696,0,0,2.7842,0,0.8109,1.6358,0,0,195.4693,1,0,-2.0369,11.89,0.6032,Negative
275,1,0,0,0,3,0.0663,0,0,0,0,0.7986,1.4922,0,0,195.4693,1,0,-5.0712,11.89,0.5028,Positive
279,1,0,0,0,2,0.0546,0,0,4.9372,0,1.018,1.1538,0,0,195.6525,0,0,-4.0327,11.89,0.7041,Negative
281,1,0,0,0,4,0.049,0,0,6.5396,0,1.2248,0.5564,0,0,205.4985,0,0,-0.6558,11.89,0.8884,Negative
289,0,0,0,0,6,0.0548,0,4,3.4965,0,1.3314,0.9252,0,0,182.1072,0,0,6.6745,11.89,1.868,Negative
291,0,0,0,0,3,0.0565,0,2,5.8684,0,1.2956,1.1251,0,1,201.2714,0,0,4.1615,11.89,0.8624,Negative
296,1,0,0,0,8,0.0801,0,0,3.2189,0,1.6373,1.2072,0,0,159.0511,0,0,0.746,11.89,1.9712,Negative
298,1,0,0,0,3,0.0979,0,0,1.3863,0,0.9309,0.9049,0,0,155.6182,1,0,1.597,11.89,0.4082,Positive
300,1,0,0,0,6,0.064,1,0,5.0284,1,1.5195,1.005,0,0,183.0906,1,0,5.5293,11.89,1.0442,Positive
303,0,0,0,0,6,0.0934,0,0,1.6094,0,0.9457,0.9365,0,0,155.6182,0,0,3.9872,11.89,0.8165,Negative
305,0,0,0,0,7,0.0744,0,1,1.6094,0,0.7957,0.1712,0,0,162.0838,0,0,2.3109,11.89,0.5664,Negative
311,1,0,0,0,4,0.0401,1,2,7.0598,0,1.4494,1.1903,0,1,218.9911,0,0,11.2949,11.89,1.0931,Negative
312,0,0,0,0,2,0.0568,0,2,5.7786,0,0.9809,0.8879,0,1,211.3968,0,0,2.9827,11.89,0.5387,Negative
317,0,0,0,0,5,0.0589,0,0,0,1,0.7603,1.8101,0,0,169.6799,0,0,11.8505,11.89,1.3821,Negative
321,1,0,0,0,3,0.0435,0,0,7.0908,0,1.7359,0.9929,0,0,227.1215,1,0,-4.6061,11.89,1.0362,Negative
322,1,0,0,0,3,0.0513,0,0,5.6684,0,1.1828,0.807,0,0,215.7582,0,0,-5.3173,11.89,0.6349,Negative
324,1,0,0,0,1,0.0542,0,0,5.5576,0,0.8116,0.9403,0,0,226.9241,1,0,-6.61,11.89,0.3884,Negative
325,1,0,0.4751,0,9,0.0613,0,0,2.3026,0,1.2608,1.9107,0,0,156.6624,0,0,8.0702,11.89,4.6171,Negative
326,1,0,0,0,3,0.049,0,0,6.2965,0,1.4532,1.0016,0,0,219.4517,0,0,-4.5725,11.89,0.8835,Negative
328,1,0,0.2032,0,4,0.0566,1,0,4.6599,0,0.8238,1.1926,0,0,193.3515,0,1.0116,0.6049,11.89,1.6869,Negative
329,0,0,0,0,3,0.0971,0,0,0,0,0.9331,1.4438,0,0,171.2384,0,4.2905,-0.9758,11.89,0.5244,Positive
331,0,0,0,1,6,0.0601,0,0,1.3863,0,1.0693,1.2578,0,0,209.8689,0,0,-25.0981,11.9985,0.6827,Negative
342,1,0,0,0,1,0.0548,1,1,4.7218,1,0.8108,0.9354,1,0,205.2905,1,0,-4.3156,11.85,0.9199,Negative
343,0,0,0,0,1,0.0752,0,1,0,0,0.69,0,0,1,198.6685,0,0,-5.1144,11.89,0.2629,Negative
349,0,0,0,0,3,0.0378,1,3,5.5759,1,1.3659,0.881,0,0,203.6383,1,0,0.2985,11.9,1.6255,Negative
353,0,0,0,0,10,0.0708,0,2,2.8332,0,1.4,0.8615,0,0,159.1559,0,0,6.4387,11.89,1.0465,Negative
360,1,0,0,0,5,0.0825,0,0,1.6094,0,1.1252,1.3368,0,0,161.8948,0,4.4619,3.0747,11.89,0.9326,Negative
364,1,0,0.3847,0,3,0.0456,0,0,1.9459,0,0.9062,0,0,0,174.2486,1,0,-5.1501,11.89,1.7067,Negative
365,1,0,0.4751,0,2,0.0498,0,0,0,0,0.8963,0,0,0,182.0196,0,0,-9.8126,11.89,1.2181,Negative
367,1,0,0.3814,0,3,0.0466,0,0,1.0986,0,0.9658,0,0,0,172.7954,1,0,-13.2358,11.89,1.6903,Positive
373,0,0,0,0,3,0.0569,1,1,4.9358,0,1.0401,1.3402,0,1,233.0746,0,0,-11.8103,11.89,0.3895,Positive
375,0,0,0,0,1,0.0523,1,0,4.0431,1,0.8043,0.8135,0,0,216.8937,1,2.0149,-1.7817,11.89,0.5361,Negative
376,1,0,0.6377,0,3,0.0521,0,0,1.6094,0,0.8496,0,0,0,182.0196,0,2.4346,-5.9142,11.89,1.3237,Positive
378,0,0,0,0,1,0.0518,1,2,5.1891,0,0.7986,1.1206,0,1,228.2185,0,0,2.8913,11.85,0.3472,Negative
379,0,0,0,0,1,0.0461,0,0,0,0,0.4332,0,0,0,438.3275,0,0,-102.4103,11.89,1.3525,Negative
382,0,1,0,0,1,0.0752,0,0,0,0,0.4201,0,0,0,277.2708,0,0,-53.7335,11.9986,0.4523,Negative
383,0,0,0,0,1,0.0504,1,0,4.0073,1,0.9905,0,0,0,216.8937,1,3.9233,-1.0608,11.89,0.5028,Negative
386,0,0,0,0,3,0.0532,0,0,4.3393,0,0.8099,1.039,0,0,266.0669,1,0,0.5257,11.9,0.8724,Negative
392,1,0,0,0,3,0.0634,0,1,0,0,0.7196,0,0,1,193.872,0,0,-10.1636,11.89,0.5275,Negative
393,1,1,0,0,2,0.0634,0,1,0,0,0.5981,0,0,1,222.3129,0,0,-6.1084,11.89,0.5468,Negative
394,1,0,0,0,3,0.0634,0,0,0,0,0.653,0,0,0,200.0476,1,0,-10.0211,11.89,0.5112,Negative
398,1,0,0,0,8,0.0466,0,0,7.1171,0,1.2662,1.0307,0,0,211.3675,1,0,-4.7948,11.9,1.0818,Negative
400,0,0,0,0,1,0.0552,0,2,4.2391,0,0.584,1.0767,0,1,235.9852,1,0,-6.2887,11.999,0.4202,Negative
404,0,1,0,0,1,0.0721,0,1,0,0,0.5241,0,0,1,232.9749,0,0,-8.8097,11.9986,0.4167,Negative
406,0,1,0,0,2,0.0687,1,0,4.3095,1,0.7798,1.0814,0,0,238.3886,1,0,-6.2397,11.9985,0.4568,Negative
407,0,1,0,0,1,0.0535,0,1,3.6628,0,0.8597,0.9253,0,1,247.9297,0,0,-17.1574,11.9986,0.688,Negative
408,0,1,0,0,1,0.0721,0,1,0,0,0.4407,0,0,1,232.9749,0,0,-25.8658,11.9986,0.4042,Negative
410,1,0,0,0,3,0.0538,0,0,0,0,0.7798,0,0,0,200.7582,1,0,-18.3822,11.89,0.5148,Negative
411,1,0,0,0,8,0.0479,0,0,6.3598,0,1.503,1.4176,0,0,205.0808,1,0,2.1965,11.89,3.4157,Negative
414,0,0,0,0,5,0.0703,1,0,2.5649,1,0.9533,1.341,0,0,180.3412,0,0,-3.292,11.89,0.4143,Positive
415,1,0,0,0,2,0.055,0,0,6.2076,0,0.8962,0.7667,0,0,227.3003,0,0,-8.6476,11.89,0.4553,Positive
421,1,0,0,0,3,0.0721,0,0,0,0,0.7718,0,0,0,199.2694,0,0,-9.8315,11.89,0.4553,Negative
427,0,0,0,0,1,0.0859,1,0,0,0,0.7508,0.3696,0,0,226.6586,0,0.8467,-2.5984,11.89,0.2629,Positive
428,0,0,0,0,3,0.0767,0,0,0,0,0.9199,2.0312,0,0,182.0196,0,2.353,-6.304,11.9,0.5791,Positive
429,1,0,0,0,3,0.069,0,0,0,0,0.9381,1.9027,0,0,172.7954,1,2.2561,-2.8384,11.9,1.1189,Positive
430,0,0,0,0,1,0.0767,0,1,0,0,0.7115,0.8369,0,1,226.9588,0,0,-2.474,11.89,0.2845,Negative
431,1,0,0,0,2,0.0767,0,0,0,0,1.0189,1.4438,0,0,171.2384,0,0,-3.0458,11.9,0.6371,Positive
432,0,0,0,0,1,0.0767,1,0,0,1,0.7672,0.9736,0,0,226.0882,1,0,-4.5364,11.89,0.2956,Positive
434,0,0,0,0,1,0.069,0,0,0,0,0.7986,1.3084,0,0,261.9852,0,0,-10.8335,11.999,0.7186,Positive
436,0,0,0,0,1,0.0767,0,0,0,0,0.7515,0.9034,0,0,235.7137,0,0,-8.3509,11.89,0.3903,Positive
437,0,0,0,0,1,0.069,0,1,0,0,0.7986,1.0391,0,0,225.8622,0,0,-9.7332,11.89,0.5228,Negative
438,0,0,0,0,1,0.069,0,0,0,0,0.7986,0.8992,0,0,234.6967,0,0,-8.4186,11.89,0.477,Positive
441,0,0,0,0,1,0.0652,0,1,0,0,0.7148,0.8875,0,1,226.3717,1,0,-10.371,11.89,0.3267,Negative
442,0,0,0,0,1,0.0597,0,1,4.7441,0,0.7325,0.8121,0,1,243.0595,0,0,-17.8528,11.89,0.5589,Negative
445,0,1,0,0,1,0.0721,0,0,0,0,0.4194,0,0,0,277.2708,0,0,-11.8563,11.89,0.497,Negative
447,1,0,0,0,2,0.0721,0,1,0,0,0.5981,0,0,1,198.6685,0,0,-9.8283,11.89,0.3943,Negative
448,0,0,0,0,1,0.0546,0,1,3.6628,0,0.6138,0,0,1,225.4112,0,0,-4.7416,11.89,0.5467,Negative
450,0,0,0,0,2,0.0721,0,1,0,0,0.6565,0,0,1,198.6685,0,0,-9.9049,11.89,0.3849,Negative
451,0,0,0,0,1,0.0721,0,2,0,0,0.6291,0,0,1,198.0044,0,0,-9.344,11.89,0.3239,Negative
452,0,0,0,0,1,0.0508,0,3,7.1704,0,1.184,0.9453,0,1,249.5275,1,0,1.3776,11.89,0.6092,Negative
453,1,0,0,0,2,0.0721,0,0,0,0,0.4994,0,0,0,206.0718,1,0,-9.86,11.89,0.3756,Positive
454,0,0,0,0,1,0.0594,0,1,3.1689,0,0.4773,0,0,1,226.3717,1,0,3.3812,11.89,0.3333,Negative
455,1,0,0.0239,0,4,0.0546,0,0,3.1689,0,0.7603,0,0,0,191.872,1,0,3.1957,11.89,1.5534,Negative
459,0,1,0,0,1,0.0721,0,0,0,0,0.4527,0,0,0,243.9104,1,0,-19.1696,11.89,0.3825,Negative
460,0,0,0,0,1,0.0594,0,1,3.1689,0,0.5858,0,0,1,226.3717,1,0,-2.2545,11.89,0.3209,Negative
461,1,0,0,1,6,0.05,0,0,6.3724,0,1.3328,0.9042,0,0,222.6073,1,0,3.6255,11.89,1.2822,Negative
462,0,0,0,1,3,0.0502,0,0,6.1458,0,1.3399,1.2737,0,0,234.2331,1,0,1.9996,11.89,0.8868,Positive
463,0,0,0,1,1,0.051,0,0,6.0862,0,1.307,1.1716,0,0,244.8191,1,0,1.067,11.89,0.5535,Negative
464,1,0,0.4531,0,5,0.0361,1,0,5.273,0,1.3156,1.0028,0,0,186.9172,0,0,-5.3259,11.89,2.1781,Negative
466,1,0,0,0,1,0.0388,0,0,8.4409,0,1.2596,1.1562,0,0,253.8161,0,0,-6.2911,11.89,0.7668,Negative
470,1,0,0,0,3,0.0752,0,0,0,0,0.8716,0,0,0,199.2694,0,0,-16.3171,11.89,0.4137,Negative
475,1,0,0,0,1,0.067,1,0,0,1,0.5028,0,0,0,226.0882,1,0,-0.9756,11.89,0.2956,Positive
477,0,0,0,0,2,0.0605,0,1,3.1689,0,0.8303,0,0,1,217.1992,0,0,-11.0302,11.89,0.3714,Negative
479,1,0,0,0,1,0.0527,0,0,6.4234,0,1.1812,1.1293,0,0,232.0861,0,0,-2.9348,11.89,0.5705,Negative
485,1,0,0,0,1,0.0596,0,0,6.0187,0,0.7488,0,0,0,236.644,0,0,-8.3169,11.89,0.2998,Negative
488,0,0,0,0,2,0.0833,0,0,0,0,0.5993,0,0,0,205.4985,0,0,-14.1991,11.89,0.2887,Positive
492,0,0,0,0,5,0.049,0,1,4.7712,0,1.0851,1.0857,0,1,203.3406,0,0,-0.5165,11.9,0.5564,Negative
493,0,0,0,0,2,0.0582,0,3,5.3184,0,1.0864,0.7436,0,1,217.4606,0,0,-4.7766,11.89,0.4955,Negative
496,0,0,0,1,3,0.049,0,0,6.2071,0,1.287,1.0111,0,0,234.2331,1,0,0.4973,11.89,0.7925,Positive
497,0,0,0,0,1,0.0643,0,0,3.6628,0,0.6484,0,0,0,234.6967,0,0,-22.1404,11.89,0.441,Negative
498,0,0,0,0,1,0.0643,0,1,3.6628,0,0.6669,0,0,0,225.8622,0,0,-21.7323,11.89,0.4868,Negative
505,0,0,0,0,2,0.0607,1,1,3.6628,0,0.708,0.4451,0,1,217.1607,1,0.5095,-11.0316,11.89,0.3419,Positive
506,0,0,0,0,3,0.0698,0,3,3.27,0,0.6372,0.321,0,0,199.9986,0,0,-9.0675,11.89,0.2703,Negative
509,0,0,0,0,8,0.0639,0,0,2.5649,1,1.0948,1.2067,0,0,169.6799,0,0,-7.2861,11.89,0.3849,Negative
516,0,0,0,0,6,0.0668,0,3,4.2905,0,1.3553,0.5464,0,0,196.3605,0,0,-0.6355,11.89,1.3264,Negative
518,0,0,0,0,1,0.0711,1,0,2.7842,0,0.7986,0.6661,0,0,216.944,0,0,-11.855,11.89,0.1555,Positive
521,0,1,0,0,7,0.0523,1,5,6.7292,1,1.4588,1.1292,0,1,222.3281,0,0,-6.7669,11.89,0.908,Negative
522,0,1,0,0,7,0.0523,1,5,6.7292,1,1.4588,1.1292,0,1,222.3281,0,0,-6.7669,11.89,0.908,Negative
523,0,1,0,0,1,0.0613,1,1,4.3647,0,0.801,1.0354,0,1,252.6842,0,0,-14.2538,11.89,0.4828,Negative
531,1,0,0,0,2,0.0531,0,2,5.1393,0,1.0525,0.8751,0,1,212.9916,1,0,-0.9887,11.999,0.5633,Negative
532,1,0,0,0,2,0.0686,0,0,2.7842,0,0.7986,0.7959,0,0,195.4693,1,0,-6.9512,11.89,0.3749,Negative
533,1,0,0,0,4,0.057,0,0,4.5939,0,1.028,0.8791,0,0,196.9094,1,0,-5.1272,11.9,0.4862,Negative
534,1,0,0,0,4,0.0524,0,0,4.5473,0,1.047,1.0462,0,0,184.5803,1,0,-4.1258,11.89,0.6308,Negative
536,1,0,0,0,2,0.0617,0,1,4.566,1,1.0342,1.0498,0,0,196.4601,1,0,-5.2048,11.9934,0.388,Negative
545,0,0,0,0,8,0.0515,0,0,2.3026,0,1.0979,1.3922,0,0,162.1473,0,0,-4.3246,11.89,1.4142,Negative
547,0,0,0,0,4,0.0679,1,0,3.6889,1,1.4326,1.2431,0,0,201.775,0,3.0593,-8.5537,11.79,0.8514,Negative
551,1,0,0,0,8,0.0457,1,2,6.4112,0,1.5753,1.3191,0,1,205.5888,1,0,5.1267,11.89,3.008,Negative
555,1,0,0,0,1,0.0492,1,2,5.263,0,0.8796,0.849,0,0,227.2762,0,0,-2.8611,11.89,0.5641,Negative
558,1,0,0,0,2,0.0752,0,0,0,0,0.7986,1.3143,0,0,194.5976,0,0,-10.0888,11.89,0.2357,Negative
560,1,0,0,0,1,0.0561,0,0,6.2633,0,0.8767,1.1126,0,0,227.3003,0,0,-6.262,11.89,0.2845,Negative
561,0,0,0,0,1,0.0859,0,0,0,0,0.703,0.7087,0,0,206.0718,1,0,-9.6159,11.89,0.1924,Positive
562,1,0,0,0,1,0.0432,1,0,6.7569,0,1.0705,1.2797,0,0,252.7352,0,0,-1.8523,11.89,0.5086,Negative
563,1,0,0,0,1,0.0746,0,0,2.4092,0,0.7152,0.5662,0,0,209.4625,0,1.8742,-7.2182,11.89,0.2141,Negative
564,1,0,0,0,3,0.0526,0,0,6.6698,0,1.3376,0.9848,0,0,207.6787,0,0,-3.2392,11.89,0.5202,Negative
566,1,0,0,0,2,0.0746,0,0,1.8021,0,0.7289,0.4929,0,0,194.5976,0,0,-7.5666,11.89,0.2357,Negative
569,0,0,0,0,1,0.0871,0,0,0,0,0.8638,0,0,0,161.8948,0,0,-3.2028,11.9,0.2041,Negative
570,0,0,0,0,1,0.0702,0,1,3.446,0,0.7154,0,0,1,217.1992,0,0,-6.8772,11.89,0.2041,Negative
575,1,0,0,0,8,0.032,1,4,8.2314,1,1.7856,1.0567,1,1,206.8838,1,4.106,1.185,11.89,3.5201,Negative
576,1,0,0,0,8,0.032,1,4,8.2731,1,1.7856,1.0362,1,1,209.9968,1,4.5816,1.433,11.9,3.4655,Negative
584,0,0,0,0,1,0.0821,0,0,2.7842,0,0.7986,0.6481,0,0,199.2694,0,0,-2.154,11.89,0.1179,Positive
590,0,0,0,0,8,0.0663,1,0,4.0943,1,1.4982,0.893,0,0,172.1384,1,0,-1.1279,11.89,0.6952,Positive
593,0,0,0,0,4,0.0813,1,0,1.9459,1,1.0757,1.097,0,0,172.1896,1,0,-3.8943,11.89,0.4226,Positive
594,0,0,0,0,3,0.0906,1,0,1.7918,1,1.0678,0.9649,0,0,173.1255,1,1.2148,-3.3623,11.79,0.2522,Positive
597,0,0,0,0,6,0.0614,1,0,5.1995,1,1.4281,0.9497,0,0,185.0174,1,0,2.4532,11.89,0.6359,Positive
598,0,0,0,0,6,0.0666,1,0,3.912,1,1.4292,0.9544,0,0,178.2278,1,0,4.6882,11.999,0.8737,Negative
600,0,0,0,0,6,0.08,1,0,3.2189,1,1.4354,0.9641,0,0,168.9478,1,0,-1.5939,11.89,0.5261,Positive
601,0,0,0,0,6,0.082,1,0,3.3322,1,1.5106,0.9692,0,0,168.1234,1,0,-1.2624,11.89,0.5261,Positive
604,0,0,0,1,6,0.0735,0,0,2.7726,0,1.4204,0.9247,0,0,165.6391,1,0,0.6443,11.89,0.7107,Negative
605,0,0,0,1,6,0.0776,0,0,2.9444,0,1.4222,0.8983,0,0,166.5454,1,0,0.1637,11.89,0.604,Negative
606,0,0,0,1,3,0.0567,0,0,5.6104,0,1.4364,0.9367,0,0,207.1527,1,0,3.7849,11.89,0.5229,Negative
607,0,0,0,1,9,0.0688,0,0,3.7612,0,1.465,0.9955,0,0,165.1502,1,0,1.1999,11.89,0.795,Negative
609,1,0,0,0,1,0.0704,1,0,3.8408,0,0.8422,0.9357,0,0,204.2404,0,0.8786,-1.4084,11.89,0.2141,Negative
610,1,0,0,0,1,0.0495,0,0,6.8083,0,1.2068,1.1071,0,0,225.6625,0,0,-0.7063,11.89,0.5949,Negative
611,0,0,0,0,1,0.0796,0,0,3.27,0,0.7986,0.9036,0,0,194.5976,0,0,-1.6815,11.89,0.1179,Negative
614,0,0,0,0,2,0.1013,1,0,1.3863,0,1.1139,1.1242,0,0,163.4976,0,0,-0.0931,11.89,0.1021,Positive
616,0,0,0,0,1,0.1052,1,0,1.0986,1,0.8205,0.9712,0,0,177.337,1,1.1749,-1.331,11.89,0.0589,Positive
618,0,0,0,0,6,0.0699,0,0,2.7726,0,1.5018,1.2162,0,0,183.8032,0,0,-1.5183,11.999,3.0816,Negative
621,1,0,0,0,1,0.06,1,0,3.0445,1,1.2277,1.0912,0,0,179.9667,1,0,-2.8257,11.89,0.4268,Positive
622,1,0,0,0,1,0.0439,1,0,6.8457,0,1.2524,1.1928,0,0,231.7721,0,0,3.4148,11.89,0.5086,Negative
625,0,0,0,0,1,0.1021,1,0,0,1,0.604,0.7362,0,0,166.6336,1,0,0.4459,11.89,0.0645,Positive
626,1,0,0,0,3,0.0511,1,2,6.0094,1,1.4457,1.0472,0,1,203.0857,1,2.5915,5.7116,11.89,0.6065,Negative
629,0,0,0,0,1,0.0856,1,0,2.7081,1,1.4562,0.9612,0,0,164.763,1,0,-0.0098,11.89,0.1936,Positive
630,1,0,0,0,1,0.0783,0,0,4.1411,0,1.5047,0.9675,0,0,181.5552,1,4.7463,0.2833,11.89,0.1924,Positive
631,1,0,0,0,1,0.0555,0,1,6.6934,0,1.3213,0.9745,0,0,218.1194,0,0,-1.2691,11.89,0.3679,Negative
632,0,0,0,0,2,0.125,0,0,0,0,0.7702,0.8359,0,0,151.8324,0,0,-0.2653,11.89,0,Positive
633,0,0,0,0,5,0.0823,1,1,2.3026,0,1.2025,0.8946,0,0,164.6776,0,0,-0.7268,11.89,0.1764,Positive
635,0,0,0,0,1,0.057,1,1,5.0791,1,1.1713,1.0229,0,0,242.2727,1,0,88.4926,11.9988,0.7602,Positive
636,0,0,0,0,1,0.1128,0,0,1.0986,0,0.877,0.8667,0,0,161.8948,0,2.0059,-0,11.89,0,Negative
637,0,0,0,0,2,0.1128,0,0,0.6931,0,0.9082,0.8772,0,0,152.8733,0,0,-0.2011,11.89,0,Positive
640,0,0,0,0,5,0.0828,1,1,2.3979,0,1.2025,0.9076,0,0,164.4879,0,0,-0.5375,11.89,0.1764,Positive
641,0,0,0,0,1,0.0979,1,0,1.6094,1,0.9074,0.8731,0,0,165.6531,1,0,0.3132,11.89,0.0645,Positive
643,0,0,0,0,1,0.0905,1,0,3.1355,1,1.4525,0.9728,0,0,168.3968,1,4.7059,-1.7253,11.89,0.0589,Positive
644,0,0,0,0,3,0.0698,1,0,3.7842,1,1.5572,0.9963,0,0,173.3843,1,4.6243,-0.0112,11.89,0.4344,Positive
645,0,0,0,0,3,0.0904,1,0,3.2581,1,1.5444,1.0165,0,0,167.5102,1,4.7255,-0.2447,11.89,0.0589,Positive
646,0,0,0,0,1,0.0918,1,1,3.091,0,1.4554,0.9721,0,0,166.7444,0,4.6968,0.0286,11.89,0.0833,Negative
648,1,0,0,0,1,0.077,1,0,3.5835,1,1.5214,0.9774,0,0,176.948,1,4.7188,0.3554,11.89,0.2514,Negative
650,0,0,0,0,2,0.094,0,1,2.9957,0,1.4561,0.973,0,0,161.0128,0,4.7918,0.0139,11.89,0,Negative
652,0,0,0,0,4,0.0853,1,0,4.1109,1,1.6684,0.9903,0,0,169.9823,1,9.4936,-0.357,11.89,0.1179,Positive
654,1,0,0,0,2,0.0617,0,1,6.0826,0,1.6491,0.9475,0,1,186.6443,0,0,0.0058,11.89,0.4024,Negative
655,1,0,0,0,1,0.0742,0,0,3.8777,0,1.1494,0.9379,0,0,184.5803,1,0,-1.2473,11.89,0.1924,Negative
657,0,0,0,0,2,0.1067,0,0,1.0986,0,1.0211,0.9018,0,0,153.7191,0,0,-0.1576,11.89,0,Positive
659,0,0,0,0,1,0.0963,1,0,1.7918,1,1.02,0.8999,0,0,165.3008,1,0,0.2657,11.89,0.0645,Positive
661,1,0,0,0,13,0.0748,0,0,4.8452,0,1.4977,1.1707,0,0,182.4147,1,0,-0.7896,11.89,0.3644,Negative
662,1,0,0,1,3,0.0595,0,0,6.3653,0,1.6721,1.0169,0,0,190.2457,1,0,2.9212,11.89,0.649,Negative
665,0,0,0,0,1,0.0952,1,0,1.9459,1,1.1129,0.9175,0,0,165.0089,1,0,0.2275,11.89,0.0645,Positive
666,0,0,0,0,2,0.1006,0,0,1.6094,0,1.1907,0.9299,0,0,155.01,0,0,-0.1043,11.89,0,Positive
669,0,0,0,0,4,0.0766,1,2,3.0445,1,1.4615,0.9449,0,0,167.1581,0,0,3.6688,11.89,1.7793,Positive
671,0,0,0,0,1,0.0919,1,0,2.1972,1,1.2166,0.9391,0,0,164.5531,1,0,-2.3565,11.89,0.0589,Positive
672,0,0,0,0,3,0.0661,1,0,3.4012,1,1.4218,0.9802,0,0,172.043,1,0,-0.0231,11.89,0.4344,Positive
674,0,0,0,0,2,0.0832,1,0,3.2958,1,1.5886,0.9691,0,0,168.376,1,0,1.2032,11.89,0.1179,Positive
675,1,0,0,0,4,0.059,1,1,4.4659,1,1.6143,1.0007,0,0,173.3488,1,0.5733,2.9507,11.89,0.9385,Negative
676,0,0,0,0,2,0.0895,0,1,2.1972,0,1.3341,0.9572,0,0,156.437,0,0,1.1351,11.89,0.5,Positive
680,1,0,0,0,1,0.0653,0,0,4.4551,0,1.4619,0.9767,0,0,188.4955,0,0,-0.192,11.89,0.4282,Positive
681,1,0,0,0,1,0.0769,0,1,3.9572,0,1.407,0.9489,0,1,176.6043,0,0,-1.0401,11.89,0.2141,Positive
682,1,0,0,0,1,0.0769,0,0,3.9572,0,1.4032,0.9487,0,0,179.0246,1,0,-0.8531,11.89,0.1924,Negative
683,1,0,0,0,1,0.08,0,0,3.8191,0,1.403,0.9434,0,0,178.2462,0,0,-0.6306,11.89,0.1179,Positive
685,0,0,0,0,5,0.0844,1,1,2.7726,0,1.4386,0.9436,0,0,163.8286,0,0,-0.0794,11.89,0.1764,Positive
686,0,0,0,0,2,0.0965,0,0,2.0794,0,1.3544,0.9509,0,0,156.3284,0,0,-0.0637,11.89,0,Negative
687,0,0,0,0,1,0.0957,0,0,2.3026,0,1.3912,0.9476,0,0,161.8948,0,2.038,-0,11.89,0,Positive
689,0,0,0,0,3,0.0687,1,0,3.5264,1,1.5305,0.9873,0,0,170.3033,1,0,0.2,11.89,0.4344,Positive
693,0,0,0,0,2,0.0945,0,0,2.3979,0,1.4561,0.9622,0,0,157.223,0,0,-0.0429,11.89,0,Positive
694,0,0,0,0,2,0.088,1,0,3.4657,0,1.656,0.9837,0,0,162.4089,0,0,-0.0055,11.89,0.1021,Negative
695,0,0,0,0,5,0.0852,1,1,2.9957,0,1.5272,0.9574,0,0,163.5018,0,0,0.049,11.89,0.1764,Positive
697,0,0,0,0,1,0.0893,1,1,2.7726,0,1.4737,0.9726,0,0,162.8719,0,0,0.3085,11.89,0.0722,Positive
698,0,0,0,0,1,0.0918,1,0,2.6391,1,1.4558,0.9635,0,0,163.8411,1,0,0.0963,11.89,0.0645,Positive
700,0,0,0,0,4,0.0849,1,0,3.7136,1,1.669,0.968,0,0,166.0293,1,0,-0.0149,11.89,0.1179,Positive
704,0,0,0,0,2,0.0858,0,0,2.7726,0,1.4753,0.9644,0,0,162.7882,1,0,0.0462,11.89,0.1179,Positive
705,0,0,0,0,2,0.0936,0,0,2.5649,0,1.5036,0.9672,0,0,157.6751,0,0,-0.0342,11.89,0,Positive
706,0,0,0,0,2,0.0933,0,0,2.6391,0,1.5231,0.9692,0,0,157.8698,0,0,-0.0308,11.89,0,Positive
707,0,0,0,0,2,0.093,0,0,2.7081,0,1.5403,0.971,0,0,158.0474,0,0,-0.0279,11.89,0,Positive
709,0,0,0,0,1,0.091,1,0,2.8904,1,1.5402,0.9724,0,0,163.4976,1,0,0.0666,11.89,0.0645,Negative
710,0,0,0,0,2,0.0927,0,0,2.7726,0,1.5556,0.9726,0,0,158.21,0,0,-0.0254,11.89,0,Positive
711,0,0,0,0,2,0.0925,0,0,2.8332,0,1.5693,0.974,0,0,158.3594,0,0,-0.0232,11.89,0,Positive
714,0,0,0,0,2,0.0917,0,0,3.0445,0,1.6115,0.9785,0,0,158.8527,0,0,-0.0168,11.89,0,Positive
715,0,0,0,0,3,0.0884,1,0,3.2958,1,1.6134,0.9846,0,0,163.6527,1,0,-0.003,11.89,0.0589,Negative
716,0,0,0,0,2,0.0916,0,0,3.091,0,1.6197,0.9794,0,0,158.9552,0,0,-0.0156,11.89,0,Negative
717,0,0,0,0,2,0.0914,0,0,3.1355,0,1.6272,0.9802,0,0,159.0511,0,0,-0.0145,11.89,0,Positive
719,0,0,0,0,2,0.091,0,0,3.2958,0,1.6512,0.9829,0,0,159.3792,0,0,-0.0112,11.89,0,Positive
720,0,0,0,0,2,0.0909,0,0,3.3322,0,1.656,0.9835,0,0,159.4497,0,0,-0.0105,11.89,0,Positive
723,0,0,0,0,2,0.0907,0,0,3.434,0,1.6685,0.985,0,0,159.6394,0,0,-0.0089,11.89,0,Positive
726,0,0,0,0,2,0.0919,0,0,2.9957,0,1.5926,0.9796,0,0,159.3377,1,0,0.0096,11.89,0,Positive
729,0,0,0,0,2,0.0936,0,1,2.5649,0,1.4883,0.9712,0,0,156.7962,0,0,-0.0077,11.89,0,Positive
730,0,0,0,0,2,0.0916,0,1,2.6391,0,1.4916,0.9734,0,0,157.0352,0,0,0.6677,11.89,0.3162,Negative
734,0,0,0,0,3,0.0881,1,0,2.9444,1,1.5566,0.9677,0,0,167.5102,1,0,-1.4366,11.89,0.2184,Positive
735,1,0,0,0,8,0.0567,1,0,5.6156,1,1.6092,1.1018,0,0,173.9946,1,0,2.5459,11.89,2.877,Negative
736,0,0,0,0,6,0.0862,1,0,3.912,1,1.6707,0.9916,0,0,168.9839,1,0,2.2987,11.89,0.1179,Negative
739,0,0,0,0,2,0.0945,0,0,2.3979,0,1.4274,0.9628,0,0,158.0591,1,0,0.0226,11.89,0,Positive
740,0,0,0,0,2,0.095,0,0,2.3026,0,1.394,0.9591,0,0,157.8335,1,0,0.0255,11.89,0,Positive
741,0,0,0,0,2,0.0957,0,0,2.1972,0,1.3551,0.9547,0,0,157.5797,1,0,0.0291,11.89,0,Positive
743,0,0,0,0,3,0.0879,1,0,3.2581,1,1.6197,0.9763,0,0,163.1621,1,0,-0.0639,11.89,0.0589,Positive
744,0,0,0,0,2,0.0988,0,0,1.7918,0,1.193,0.9263,0,0,167.4544,0,0,0.2131,11.9985,0,Positive
745,0,0,0,0,2,0.0975,0,0,1.9459,0,1.2561,0.9423,0,0,156.9632,1,0,0.0388,11.89,0,Positive
749,0,0,0,0,2,0.0988,0,0,1.7918,0,1.1925,0.9335,0,0,156.5839,1,0,0.0457,11.89,0,Positive
750,0,0,0,0,6,0.0853,1,0,3.6376,1,1.6002,0.9904,0,0,171.728,1,0,3.1146,11.89,0.1179,Positive
751,0,0,0,0,4,0.0922,0,0,2.8904,0,1.5816,0.9702,0,0,159.1331,1,0,0.0023,11.89,0,Positive
752,0,0,0,1,2,0.0894,0,0,2.3979,0,1.309,0.9479,0,0,167.8137,1,0,-0.5833,11.89,0.2096,Positive
753,0,0,0,0,2,0.0698,0,0,3.9428,0,1.4456,0.9767,0,0,188.4955,1,0,-0.401,11.85,0.2966,Positive
754,0,0,0,0,2,0.0894,0,0,2.4849,0,1.362,0.946,0,0,170.9935,1,0,-0.4112,11.89,0.1785,Positive
760,0,0,0,0,4,0.0933,0,0,2.6391,0,1.5231,0.9613,0,0,158.6071,1,0,0.0032,11.89,0,Positive
761,0,0,0,0,4,0.093,0,0,2.7081,0,1.5351,1.0078,0,0,171.397,0,0,-0.6983,11.89,0,Negative
763,0,0,0,0,2,0.1067,0,0,1.0986,0,0.9138,0.88,0,0,154.9906,1,0,0.0822,11.89,0,Positive
764,0,0,0,0,6,0.0808,0,1,3.2189,0,1.5566,0.9919,0,0,157.8025,0,0,0.0059,11.89,0.1581,Negative
765,0,0,0,0,4,0.095,0,1,2.3026,0,1.427,0.9458,0,0,155.9138,0,0,-0.007,11.89,0,Positive
766,0,0,0,0,2,0.1128,0,0,0.6931,0,0.7786,0.8392,0,0,154.2235,1,0,0.1049,11.89,0,Positive
768,0,0,0,0,4,0.064,1,0,5.0152,1,1.4681,1.0083,0,0,185.0174,1,0,3.9478,11.89,0.2277,Positive
770,1,0,0,0,2,0.0555,1,0,5.9745,0,1.4575,0.9753,0,0,207.0241,1,0,3.066,11.9961,0.3391,Negative
773,0,0,0,0,2,0.125,0,0,0,0,0.6144,0.7614,0,0,153.2645,1,0,0.1386,11.89,0,Positive
777,0,0,0,0,4,0.0988,0,0,1.7918,0,1.2548,1.0287,0,0,166.3374,0,0,-0.3165,11.89,0,Negative
782,0,0,0,1,6,0.0699,0,0,2.7726,0,1.3909,1.2229,0,0,166.8086,1,0,-2.3331,11.89,0.1827,Negative
784,0,1,0,0,2,0.0593,0,2,4.7185,0,0.9779,0.828,0,1,220.9244,0,0,-1.802,11.89,0.6144,Negative
785,0,0,0,0,6,0.0892,0,1,1.0986,0,1.0545,1.0717,0,0,174.8356,0,0,-9.729,11.89,0.2236,Positive
786,0,0,0,0,6,0.0921,0,1,1.3863,0,1.1973,0.8991,0,0,154.1195,0,0,0.0233,11.89,0.1581,Negative
787,0,0,0,0,6,0.0978,0,1,0.6931,0,1.0475,0.8431,0,0,154.5657,0,0,0.4327,11.89,0.1581,Negative
788,0,0,0,0,3,0.0619,0,2,4.4551,0,1.1776,1.0361,0,0,204.8413,0,0,1.0392,11.89,0.5466,Negative
790,0,0,0,0,4,0.1128,0,1,0.6931,0,0.9082,0.911,0,0,150.7872,0,0,-0.03,11.89,0,Positive
791,0,0,0,0,2,0.066,0,1,3.626,0,0.9814,1.094,0,0,206.0103,0,0,-6.6269,11.85,0.3289,Negative
796,1,0,0,0,6,0.0539,1,0,5.7077,1,1.5438,1.1512,0,0,195.1704,1,0,3.8058,11.89,0.3527,Positive
797,0,0,0,0,3,0.0581,1,0,5.4972,1,1.1875,1.0338,0,0,221.7223,1,0,2.3228,11.89,0.3455,Positive
799,0,0,0,0,3,0.0944,1,0,1.3863,1,0.9019,1.0672,0,0,178.8992,0,0,7.6176,11.89,0.2033,Positive
800,0,0,0,0,7,0.0625,1,0,3.8286,1,1.5265,1.0867,0,0,181.5857,1,0,5.8347,11.89,0.6143,Positive
804,0,0,0,0,4,0.0781,0,0,1.0986,0,0.6956,0.8484,0,0,166.6336,0,0,2.4349,11.9,0.1179,Negative
805,0,0,0,0,4,0.1128,0,0,0.6931,0,0.9082,0.8986,0,0,154.2235,0,0,0.0162,11.89,0,Negative
809,0,0,0,0,12,0.0834,1,0,3.3673,1,1.455,1.0481,0,0,171.5835,1,0,-1.1392,11.89,0.1179,Positive
811,0,0,0,1,12,0.0752,0,0,3.434,0,1.4972,0.8239,0,0,168.4167,0,0,-0.9586,11.89,0.1827,Negative
812,0,0,0,0,2,0.0947,1,1,1.7918,0,0.9252,0.9713,0,0,174.2495,0,1.2254,-2.81,11.89,0.0589,Positive
814,0,0,0,1,6,0.0815,0,0,2.3026,0,1.309,1.0556,0,0,167.8137,0,0,-4.1163,11.89,0.1827,Negative
823,0,0,0,0,4,0.0562,1,1,4.7802,1,1.1724,1.1446,0,1,204.0863,1,0,-1.6048,11.89,0.2312,Negative
827,1,0,0,0,5,0.0568,1,1,4.1231,0,1.1262,1.2622,0,1,195.8171,0,0,-4.9481,11.89,0.4074,Negative
829,0,0,0,0,4,0.0587,1,1,4.0669,0,1.033,0.9222,0,1,199.4517,0,0.8671,-9.349,11.89,0.2826,Negative
831,0,0,0,0,4,0.0687,0,1,3.446,0,0.7986,0.6865,0,1,190.1823,0,0,-8.9165,11.89,0.1863,Negative
834,0,0,0,0,7,0.0707,1,1,1.9459,1,1.1938,0.8672,0,0,171.933,0,0,-9.0597,11.89,0.3766,Positive
836,1,0,0,0,6,0.0464,0,3,7.7384,0,1.7979,0.9843,0,1,230.9169,0,8.3402,-3.1956,11.89,1.7907,Negative
842,0,0,0,0,3,0.0736,0,1,2.7842,0,0.7986,0.9083,0,1,193.872,0,0,-4.9973,11.89,0.25,Negative
843,0,0,0,0,2,0.058,0,1,6.2037,0,0.9862,0.964,0,1,220.3694,0,0,-4.5515,11.89,0.2277,Negative
844,0,0,0,0,2,0.0821,0,1,2.7842,0,0.7986,0.6753,0,1,198.6685,0,0,-4.4588,11.89,0.0833,Negative
846,0,0,0,0,4,0.0682,0,5,4.0765,0,0.6961,1.4465,0,0,202.3266,0,0,11.4455,11.89,0.2134,Negative
847,0,0,0,0,5,0.0576,0,5,4.8218,0,1.0553,1.4561,0,0,189.6888,0,0,18.682,11.89,1.4725,Negative
851,0,0,0,0,8,0.1006,0,1,0,0,1.303,0.639,0,0,187.1328,0,0,-18.8944,11.9935,0.6324,Negative
853,0,0,0,0,4,0.0833,1,0,0,1,0.4138,1.6136,0,0,185.8751,0,0,-10.2609,11.89,0.0833,Positive
854,1,1,0,0,2,0.0483,1,0,6.059,1,1.1961,1.156,0,0,253.3873,1,0,-14.9566,11.9985,0.8165,Negative
855,0,0,0,1,2,0.0555,1,0,4.9025,1,1.1571,1.2664,0,0,229.6256,1,0,-30.5125,11.999,2.512,Negative
857,0,0,0,0,4,0.0752,1,0,1.6094,1,0.8457,0.8909,0,0,192.7793,0,2.0863,-14.7845,11.89,0.0962,Positive
858,0,0,0,0,3,0.0583,1,1,5.0938,1,1.0006,0.9346,0,1,229.5767,1,0,-6.9024,11.9985,0.2805,Positive
859,0,0,0,0,2,0.0679,1,0,3.4984,1,0.7986,0.9963,0,0,216.8937,1,0,-9.8516,11.85,0.1995,Positive
860,0,0,0,0,2,0.0635,1,0,3.446,1,0.811,1.135,0,0,216.8937,1,0,-5.1389,11.85,0.1995,Positive
861,0,0,0,0,4,0.0587,1,0,4.607,1,1.0393,1.2289,0,0,212.7646,1,0,-3.3017,11.89,0.2277,Positive
864,0,0,0,0,4,0.0695,1,0,1.0986,1,0.9225,0.9209,0,0,193.7238,0,0,-9.1738,11.89,0.1728,Positive
865,0,0,0,0,2,0.0606,1,0,4.4404,1,1.0455,1.1792,0,0,212.7646,1,0,-8.9963,11.85,0.2825,Positive
867,0,0,0,1,4,0.06,1,0,2.3979,1,1.2589,0.9392,0,0,208.2746,0,0,-38.3983,11.999,2.5479,Negative
873,0,0,0,0,2,0.0736,0,1,2.7842,0,0.7986,0.9086,0,1,199.5124,1,0,-9.2641,11.89,0.1643,Negative
874,0,0,0,0,3,0.0613,1,1,4.4858,0,0.7986,0.7087,0,1,204.4367,1,0,-3.8394,11.89,0.2534,Negative
879,0,0,0,0,5,0.1021,1,0,0,1,0.4292,1.7668,0,0,169.6799,0,0,-8.9817,11.89,0.0833,Positive
880,0,0,0,0,7,0.0963,1,0,1.7918,1,1.0958,1.5375,0,0,169.6799,0,0,-5.4487,11.89,0.0833,Positive
885,0,0,0,1,7,0.0537,0,2,5.1006,0,1.303,0.9076,0,1,201.6079,0,0,-13.5373,11.89,1.4411,Negative
891,0,0,0,0,4,0.0636,0,1,2.5649,0,1.0261,0.9135,0,0,181.9408,0,0,-2.9687,11.89,0.3322,Negative
892,0,0,0,0,0,0.0461,0,0,0,0,0.0054,0,0,0,319.5239,0,0,0,11.9986,1.3093,Negative
893,1,0,1.0272,0,0,0.0307,0,0,5.1475,0,1.11,0,0,0,352.2266,0,0,-9.2643,11.9985,2.9918,Negative
895,0,0,0,0,0,0.0517,0,0,5.4329,0,0.7986,0.7983,0,0,316.2333,0,0,-30.7716,11.999,3.279,Negative
898,0,1,0,0,0,0.0767,1,0,0,0,0.3941,0,0,0,308.0919,0,0,-43.7189,11.9986,0.388,Negative
900,1,0,0.0423,0,0,0.0457,0,0,6.5286,0,1.1311,1.1174,0,0,257.63,0,0,-4.5973,11.9985,0.7377,Negative
904,0,0,0.7837,0,1,0.0669,0,0,0,0,0.4166,0,0,0,308.7967,0,0,-45.3905,11.9986,1.7766,Positive
905,0,0,0.6821,0,0,0.044,1,1,4.5218,0,1.035,1.7959,0,0,285.2128,0,4.1502,9.8393,11.9985,3.569,Negative
907,0,0,0.6639,0,2,0.0441,1,1,4.6444,0,1.1004,1.5026,0,0,289.0252,0,4.1829,12.6706,11.9985,2.8095,Negative
917,1,0,0.9774,0,0,0.0287,0,0,5.9764,0,1.268,2.6044,0,0,321.3346,0,5.3075,38.3846,11.9985,2.7569,Negative
918,0,0,0,0,0,0.0463,1,0,5.7027,0,0.6761,3.3643,0,0,322.2349,0,0,10.945,11.9985,0.5299,Negative
922,1,1,0,0,0,0.0485,0,2,4.925,0,0.4837,0,0,0,420.7605,0,0,4.0179,11.9985,0.6919,Negative
923,0,1,0,0,0,0.0464,0,2,4.5231,0,0.5938,0,0,0,420.7605,0,0,-11.7648,11.9985,0.6919,Negative
924,1,1,0,0,0,0.0385,0,0,7.1521,0,0.8082,0.9059,0,0,460.0869,0,0,-13.8482,11.9985,1.5424,Negative
926,0,0,0,0,0,0.0461,0,0,0,0,0.0054,0,0,0,319.5239,0,0,0,11.9986,1.3093,Negative
928,0,1,0,0,0,0.0404,1,0,5.5532,1,0.6336,0,0,0,403.5461,1,0,-15.1901,11.9985,0.7753,Negative
929,0,1,0,0,0,0.0463,0,0,6.3953,0,0.6288,3.1797,0,0,354.1882,0,0,16.238,11.9985,0.7113,Negative
930,1,0,0.9719,0,0,0.0308,0,0,5.4337,0,1.0801,0,0,0,359.9266,0,5.3937,0.1156,11.9985,2.7029,Negative
931,0,1,0,0,0,0.0538,0,0,0,0,0.4823,0,0,0,424.3367,0,0,-16.4757,11.9986,0.7525,Negative
932,0,1,0,0,0,0.0602,0,0,0,0,0.4376,0,0,0,384.9294,0,0,-65.9029,11.9986,0.6547,Negative
937,0,1,0,0,0,0.0859,0,0,0,0,0.6098,2.3358,0,0,256.8558,0,1.8648,-17.1349,11.9985,0.2852,Negative
941,0,1,0,0,0,0.0547,0,0,5.6684,0,0.7986,0.9129,0,0,294.7349,0,0,-34.6905,11.9985,0.8089,Negative
942,1,1,0,0,0,0.0545,0,0,6.3058,0,0.801,1.1776,0,0,288.1279,0,0,-10.5986,11.9985,0.494,Negative
944,1,1,0,0,0,0.0511,0,0,6.5613,0,0.8034,1.4616,0,0,331.1177,0,0,-35.2328,11.9985,0.8496,Negative
945,0,1,0,0,0,0.0721,0,0,0,0,0.4208,0,0,0,345.5221,0,0,-49.4271,11.9986,0.5163,Negative
948,0,1,0,0,1,0.064,0,8,5.2324,0,1.5074,0.9964,0,1,219.0362,0,0,-0.5447,11.9985,0.8205,Negative
949,0,1,0,0,0,0.0578,0,2,5.3402,0,0.8366,1.058,0,1,285.7288,0,0,-8.8999,11.9985,0.734,Negative
951,1,1,0,0,0,0.0434,1,0,6.6983,0,1.0601,1.3315,0,0,295.149,0,0,-4.79,11.9985,0.5797,Negative
953,0,1,0,0,0,0.0764,0,0,0,0,0.6096,0,0,0,256.8558,0,1.8803,-1.3446,11.9985,0.2852,Negative
954,1,1,0,0,0,0.045,0,0,6.7647,0,0.8082,1.8237,0,0,374.1074,0,0,39.5716,11.9985,1.0435,Negative
956,0,1,0,0,0,0.0725,1,0,3.446,0,0.3959,0,0,0,308.0919,0,0.9892,-11.0967,11.9986,0.3995,Negative
959,1,1,0,0,0,0.0419,1,0,6.6951,0,1.0612,1.5966,0,0,295.149,0,0,0.3686,11.9985,0.5447,Negative
964,0,1,0,0,0,0.0783,0,0,2.7842,0,0.6097,0,0,0,256.8558,0,1.9113,-23.3133,11.9985,0.247,Negative
966,1,1,0,0,0,0.0554,0,0,6.3058,0,0.801,1.227,0,0,288.1279,0,0,-13.6311,11.9985,0.4717,Negative
967,0,1,0,0,1,0.0576,0,0,3.8408,0,0.6856,0,0,0,254.4755,1,0,-14.4313,11.9985,0.3303,Negative
971,0,1,0,0,0,0.0721,0,1,0,0,0.4982,0,0,1,357.7254,0,0,-15.1818,11.9986,0.4794,Negative
981,0,0,0,0,1,0.0752,0,0,0,0,0.7986,1.2199,0,0,241.8619,0,1.8739,-7.4416,11.9985,0.2141,Negative
983,0,1,0,0,1,0.0859,0,0,0,0,0.4189,0,0,0,277.2708,0,0,-17.5751,11.9986,0.3068,Negative
984,0,0,0,0,1,0.0871,0,0,0,0,0.4211,0,0,0,245.745,0,0,-1.9142,11.9986,0.1179,Positive
987,0,0,0,0,1,0.0821,0,0,2.7842,0,0.6875,0.7724,0,0,231.77,0,0,5.6548,11.9985,0.1179,Negative
989,0,0,0,0,2,0.1067,0,0,1.0986,0,0.7728,0.9339,0,0,188.2083,0,0,-0.5612,11.9985,0,Negative
993,1,0,0,0,2,0.0568,0,0,5.68,0,1.0626,1.0681,0,0,235.6054,1,0,1.8911,11.85,0.2514,Negative
996,0,0,0,1,6,0.0798,0,0,1.3863,0,1.0104,1.0036,0,0,226.4754,0,0,-14.8632,11.9986,0.1827,Negative
999,0,0,0,0,0,0.0752,0,0,0,0,0.2872,0,0,0,307.2314,0,0,-48.9999,11.999,1.0861,Negative
1007,0,1,0,0,1,0.0587,0,2,4.5591,0,0.801,0.954,0,1,216.5277,0,0,-10.663,11.9934,0.6606,Negative
1014,1,0,0,0,1,0.033,1,2,7.0606,0,1.3623,0.9482,1,0,219.306,1,0,2.3311,11.9933,1.8749,Negative
1016,1,0,0,0,0,0.0389,1,3,7.4611,1,1.3855,0.9746,0,1,217.9265,1,0,-0.0479,11.9933,1.4627,Negative
1018,0,0,0,0,0,0.0641,1,1,3.446,1,0.7603,0.6707,0,1,209.9856,1,0,-2.6541,11.9935,0.4271,Negative
1019,0,0,0,0,0,0.0752,0,1,0,0,0.7603,0,0,1,198.6685,0,0,-4.6571,11.9935,0.2981,Negative
1021,1,0,0,0,1,0.0473,0,1,6.6409,0,1.278,1.031,0,0,214.2859,0,2.4196,0.0663,11.9,0.7369,Negative
1022,0,0,0,0,2,0.0921,0,2,1.6094,0,1.0541,0.9134,0,0,151.8835,0,0,2.5645,11.9934,0.6325,Negative
1025,0,0,0,0,4,0.0763,0,3,1.6094,0,0.9377,0.6014,0,0,150.1863,0,0,3.8604,11.9935,0.8561,Negative
1026,0,0,0,0,5,0.0444,1,9,6.1105,1,1.4273,1.0283,0,0,231.2974,0,0,3.815,11.85,1.4407,Negative
1028,0,0,0,0,4,0.0934,0,2,1.6094,0,0.9377,1.0519,0,0,152.0267,0,0,5.7232,11.9935,0.6325,Negative
1033,0,0,0,0,1,0.0508,1,8,6.9715,1,1.4353,1.1006,0,1,221.5027,1,0,-4.3484,11.9962,0.9058,Negative
1048,1,0,0,0,2,0.0655,0,1,4.4666,1,0.98,0.9992,0,0,204.4367,1,0,2.285,11.9934,0.443,Negative
1049,0,0,0,0,1,0.0574,0,2,4.9002,1,1.0793,0.8996,0,1,195.9818,1,0,-5.4904,11.9934,0.5422,Positive
1051,0,0,0,0,0,0.0551,0,1,6.3814,1,0.9979,1.1625,0,0,234.6238,1,0,-8.2802,11.9934,0.2561,Positive
1056,0,0,0,0,1,0.0764,0,1,0,0,0.7034,0,0,1,198.6685,0,0,-4.9986,11.9935,0.25,Negative
1058,0,0,0,0,1,0.0783,0,1,2.151,0,0.7175,0,0,1,198.6685,0,0,-13.6853,11.89,0.2165,Negative
1059,0,0,0,0,0,0.0702,1,1,3.446,1,0.7176,0,0,1,217.1992,1,0,-6.2255,11.9935,0.19,Positive
1071,0,1,0,0,1,0.0549,1,0,6.0958,1,1.04,1.0331,0,0,252.3597,1,0,-6.6131,11.89,0.7136,Positive
1075,0,0,0,0,0,0.0545,1,0,4.2749,1,0.8861,0.5705,0,0,225.4821,1,0,-16.6446,11.9962,0.25,Positive
1082,0,0,0,0,0,0.1006,1,0,0,1,0.7523,0.8282,0,0,185.8751,0,0,-28.5008,11.9964,0.1179,Positive
1083,0,0,0,0,0,0.085,1,0,0.6931,1,0.8754,0.7168,0,0,182.7472,1,0,-19.8332,11.9963,0.1179,Positive
1086,0,0,0,0,1,0.0692,0,1,4.2749,1,0.898,0.9465,0,1,209.9856,0,0,-1.3654,11.89,0.2917,Positive
1087,0,0,0,0,0,0.0524,0,3,6.2506,1,0.9002,1.0528,0,1,228.4404,0,0,-6.2218,11.9885,0.2343,Negative
1091,0,0,0,0,4,0.0893,1,0,0,1,0.9522,1.67,0,0,167.9499,0,0,-4.7116,11.89,0.9297,Positive
1095,0,0,0,0,0,0.061,0,2,3.6628,0,0.8119,0,0,1,217.4544,1,0,-5.5845,11.9963,0.2364,Negative
1098,0,0,0,0,0,0.0618,1,0,5.1589,1,0.8249,0.7824,1,0,225.4821,1,2.4406,-7.8858,11.85,0.2724,Positive
1099,0,0,0,0,0,0.0711,1,0,2.9295,0,0.702,0.301,1,0,225.5778,1,0.6964,-9.4099,11.85,0.2197,Positive
1101,1,0,0,0,0,0.0515,0,2,6.747,0,1.0473,1.2504,0,1,216.0584,1,0,-10.1473,11.9962,0.4512,Negative
1102,1,0,0,0,0,0.0404,0,6,8.7014,0,1.7295,1.0641,0,1,256.5814,1,0,0.0411,11.999,2.3096,Negative
1104,1,1,0,0,2,0.0494,1,6,7.5452,0,1.7193,0.9778,0,1,249.3975,1,0,-1.6457,11.89,1.8131,Negative
1107,0,0,0,0,1,0.0755,0,1,2.151,0,0.8707,2.1192,0,1,199.5124,1,0,-8.2533,11.9963,0.3089,Negative
1108,0,0,0,0,0,0.0752,1,0,0,0,0.7986,1.7558,0,0,226.0882,1,0.805,-11.463,11.85,0.1643,Positive
1112,0,0,0,0,0,0.0663,0,1,0,0,0.7986,0.7876,0,1,226.3717,1,0,-14.9114,11.85,0.1859,Negative
1114,0,0,0,0,0,0.0859,0,1,0,0,0.7974,1.4151,0,1,205.7821,1,0,-11.0308,11.9963,0.1643,Positive
1116,0,0,0,0,0,0.0595,0,1,5.7993,0,1.038,0.9659,0,1,220.9871,1,0,-9.435,11.9962,0.3027,Negative
1117,1,0,0,0,3,0.0628,0,0,3.6628,0,0.7603,1.3774,0,0,192.7175,1,0,2.2842,11.89,1.4548,Negative
1118,0,0,0,0,0,0.0859,0,0,0,0,0.7001,1.1207,0,0,214.4747,1,0,-13.4297,11.85,0.1426,Positive
1119,0,1,0,0,0,0.0658,0,0,2.151,0,0.801,0.648,0,0,230.2321,1,0,-9.5052,11.9963,0.2906,Negative
1120,0,0,0,0,0,0.0752,0,0,0,0,0.7986,0.6718,0,0,206.5877,1,0,-17.1922,11.9963,0.1361,Positive
1121,1,0,0,0,1,0.0344,0,1,7.0228,0,1.2119,1.11,1,0,213.2221,1,4.1721,-2.8113,11.9,1.2181,Negative
1122,0,0,0,0,0,0.0746,1,0,2.4092,0,0.7015,0.2612,0,0,226.0882,1,0.7942,-5.9648,11.85,0.1643,Positive
1123,0,0,0,0,0,0.0687,1,0,2.7842,1,0.7023,0.6546,0,0,225.5778,1,0,-9.7812,11.85,0.197,Positive
1127,0,0,0,0,0,0.0746,0,0,1.8021,0,0.7282,1.0572,0,0,206.5877,1,0,-10.1693,11.9963,0.1361,Positive
1130,0,0,0,0,0,0.0702,0,1,3.446,0,0.7142,0,0,1,226.3717,1,0,-5.9065,11.9963,0.161,Negative
1131,0,0,0,0,0,0.0702,1,0,3.446,1,0.7171,0,0,0,225.5778,1,0,-6.0721,11.9963,0.1767,Positive
1133,0,0,0,0,1,0.0631,1,1,4.5708,0,1.0604,1.1638,0,1,212.6879,1,0,3.3926,11.89,0.3476,Negative
1136,0,0,0,0,2,0.0647,0,1,4.3158,1,1.0641,0.7693,1,0,201.5691,1,0,-6.2259,11.9934,0.2951,Negative
1138,0,0,0,0,0,0.0559,0,4,5.6625,0,1.0186,1.0056,0,1,233.8999,0,0,-5.6469,11.85,0.5432,Negative
1139,1,0,0,0,4,0.0521,1,1,5.0895,1,1.1801,0.8449,0,1,197.9119,0,0,-3.6072,11.89,0.6509,Negative
1145,0,0,0,0,2,0.1162,1,0,0,1,0.5745,0.9678,0,0,184.269,0,1.1207,-8.2405,11.79,0.0481,Positive
1146,0,0,0,0,4,0.1128,0,0,0.6931,0,0.8802,1.0618,0,0,157.6281,0,0,3.2143,11.9964,0,Negative
1147,0,0,0,0,6,0.103,0,0,1.3863,0,0.922,1.1557,0,0,160.2786,0,0,2.0917,11.9963,0,Positive
1149,0,1,0,0,0,0.0579,0,2,4.6492,0,0.904,1.1749,0,1,241.9937,0,0,-18.0967,11.9935,0.5476,Negative
1152,0,1,0,1,0,0.0516,0,0,5.136,0,0.9861,1.2301,0,0,285.4695,1,2.0039,-15.9128,11.9962,0.8048,Negative
1153,0,0,0,1,1,0.0539,0,1,5.3915,0,0.9993,1.0905,0,1,231.1545,1,0,-31.974,11.89,1.2273,Negative
1156,0,0,0,0,2,0.0669,0,0,2.3979,0,0.9595,0.9128,0,0,196.6985,0,0,-6.8138,11.9985,0.9061,Negative
1157,0,0,0,0,0,0.0859,0,0,0,0,0.7005,0.9763,0,0,236.8504,1,0,-18.5271,11.9985,0.2787,Negative
1158,0,0,0,0,1,0.0755,0,0,2.151,0,0.7291,0.9868,0,0,225.607,1,0,-23.6775,11.9985,0.3956,Negative
1167,0,0,0,0,2,0.0246,0,0,2.3026,0,0.5181,0.753,0,0,252.0575,0,0,-0.1477,11.9975,1.0979,Negative
1168,0,0,0,0,6,0.0238,0,1,4.4067,0,1.1801,0.9128,0,0,252.6426,0,0,0.015,11.9974,1.9104,Negative
1171,1,0,0,0,2,0.0551,0,0,3.8408,0,0.4498,0,0,0,254.1519,0,0,-15.8357,11.9975,0.4349,Negative
1173,0,0,0,0,1,0.0669,0,0,0,0,0.3795,0,0,0,243.4113,0,0,-7.8143,11.85,0.2175,Negative
1178,1,0,0,0,0,0.0746,0,2,3.8408,0,0.4867,0,0,0,285.6499,0,0,-0.9411,11.85,0.1667,Negative
1179,0,0,0,0,0,0.0871,0,1,0,0,0.4116,0,0,0,258.7193,0,0,-1.4895,11.85,0.0833,Positive
1180,0,0,0,0,0,0.0758,0,2,3.8408,0,0.5935,0,0,0,285.6499,0,0,-1.6529,11.953,0.1443,Negative
1182,0,0,0,0,0,0.0821,0,1,3.8408,0,0.6827,0.8924,0,0,240.5647,0,0,2.4115,11.85,0.1179,Positive
1184,0,0,0,0,2,0.1128,0,3,2.3026,0,0.5929,0.7517,0,0,197.2665,0,0,-0.5052,11.9531,0,Negative
1187,0,0,0,0,0,0.0512,0,2,7.5325,0,1.4457,0.9223,0,1,252.4946,0,0,-2.6217,11.85,0.6667,Negative
1188,0,0,0,0,0,0.0562,0,2,6.3241,0,1.0479,1.0437,0,1,239.0909,0,0,-0.4931,11.85,0.3333,Negative
1189,0,0,0,0,0,0.0533,0,1,6.7842,0,1.016,0.981,0,1,247.4558,0,0,-1.9515,11.85,0.3333,Negative
1191,0,0,0,0,0,0.0616,0,1,5.4329,0,0.7986,1.1409,0,1,236.1433,0,0,-0.0823,11.85,0.1667,Negative
1207,0,0,0,0,0,0.0744,0,2,3.8408,0,0.7452,0.7839,0,1,217.5726,0,0,4.9715,11.85,0.1423,Negative
1213,0,0,0,0,2,0.0745,1,2,2.5649,1,0.7039,0.7911,0,0,209.9943,0,0,-11.5779,11.9964,0.3411,Positive
1216,1,0,0,0,0,0.0388,1,1,6.8752,0,1.0838,1.3472,0,1,287.9186,1,0,-14.4672,11.9988,0.7916,Negative
1218,0,1,0,0,0,0.0461,0,1,0,0,0.2346,0,0,1,383.317,0,0,-14.935,11.9986,0.7809,Negative
1219,0,1,0,0,0,0.0552,0,3,4.2391,0,0.5552,1.1858,0,1,264.7174,0,0,-17.5329,11.999,0.4557,Negative
1220,0,1,0,0,0,0.0568,0,2,0,0,0.5402,0.9688,0,1,287.0493,0,0,-19.1901,11.9986,0.5173,Negative
1223,0,0,0,0,4,0.0442,0,5,8.2254,0,1.7112,1.0401,0,1,255.5209,1,0,-9.8008,11.85,2.2887,Negative
1225,1,0,0,0,0,0.0365,1,1,7.1314,0,1.0865,1.4019,0,1,293.4453,0,0,15.0221,11.9988,1.0237,Negative
1226,1,0,0,0,2,0.0397,1,2,7.6287,0,1.5794,1.0551,0,1,259.5382,0,0,-5.3276,11.999,1.476,Negative
1230,0,1,0,0,0,0.0519,1,1,3.1689,1,0.4494,0,0,1,282.5926,1,0,-17.5904,11.9986,0.5319,Negative
1232,0,1,0,0,0,0.0721,0,1,0,0,0.2413,0,0,1,281.984,0,0,-45.2226,11.9986,0.436,Negative
1233,0,0,0,0,0,0.0506,0,2,6.5689,0,1.3666,0.8969,0,1,245.8668,0,2.6547,-1.972,11.999,0.9525,Negative
1234,0,0,0,0,0,0.0506,0,2,6.5689,0,1.3666,0.8969,0,1,245.8668,0,2.6547,-1.972,11.999,0.9525,Negative
1235,0,0,0,0,0,0.0515,0,1,6.5369,0,0.8656,0.6152,0,1,250.1744,0,0,-7.6079,11.85,0.5244,Negative
1237,0,0,0,0,0,0.0767,1,1,0,1,0.5964,0.8711,0,1,226.9588,1,0,-5.9609,11.85,0.2252,Positive
1241,0,0,0,0,0,0.069,0,1,0,0,0.7011,0.8411,0,1,235.9973,0,0,-11.6715,11.85,0.4066,Negative
1243,0,0,0,0,0,0.0634,0,3,4.2391,0,0.5553,1.1387,0,1,238.4459,0,0,-6.4145,11.999,0.3032,Negative
1245,0,1,0,0,0,0.0652,0,2,0,0,0.5402,0.9132,0,1,257.4938,0,0,-24.136,11.9986,0.3648,Negative
1246,1,1,0,0,0,0.052,0,2,6.593,0,0.801,1.2161,0,1,264.9081,0,0,-21.6071,11.9985,0.6607,Negative
1247,1,1,0,0,0,0.0551,0,2,5.8732,0,0.8121,0.8861,0,1,254.2515,0,0,-11.0384,11.9985,0.7297,Negative
1248,1,0,0,0,0,0.0591,0,2,5.6684,0,0.8119,0.8455,0,1,221.6386,0,0,-1.6301,11.85,0.4282,Negative
1249,0,1,0,0,0,0.0721,0,1,0,0,0.2409,0,0,1,281.984,0,0,-8.8368,11.9986,0.4236,Negative
1255,0,0,0,0,0,0.0601,0,2,5.5576,0,0.7986,1.0469,0,1,228.5322,0,0,-1.2981,11.85,0.2629,Negative
1257,0,0,0,0,1,0.0544,1,3,5.1828,0,1.0596,1.0021,0,1,234.0351,0,0,-3.6552,11.85,0.6075,Negative
1258,1,0,0,0,0,0.0434,1,1,6.6983,0,1.0626,1.3514,0,1,264.811,0,0,0.341,11.85,0.487,Negative
1259,0,0,0,0,0,0.0427,0,1,7.0796,0,1.2992,0.9068,0,1,258.9334,0,0,-15.4709,11.999,0.8092,Negative
1262,0,0,0,0,0,0.0498,0,1,6.6136,0,0.8826,0.6646,0,1,250.1744,0,0,-7.5858,11.85,0.5237,Negative
1264,0,0,0,0,0,0.0489,0,2,5.6857,0,0.8991,1.3109,0,1,240.3929,0,0,2.1619,11.85,0.6234,Negative
1265,0,0,0,0,0,0.0602,0,1,0,0,0.5509,0,0,1,235.9973,0,0,0.2004,11.85,0.4066,Negative
1270,1,0,0,0,0,0.0419,1,1,6.6951,0,1.081,1.4035,0,1,264.811,0,0,-0.0902,11.85,0.4644,Negative
1271,0,0,0,0,0,0.0548,0,2,6.1363,0,0.7142,0,0,1,228.7561,0,0,-7.8654,11.85,0.311,Negative
1272,0,0,0,0,0,0.0505,0,1,6.5694,0,0.9313,0.3553,0,1,250.1744,0,0,-0.133,11.85,0.5258,Negative
1274,0,0,0,0,0,0.0596,0,1,6.0187,0,0.6387,0,0,1,237.9118,0,0,-7.5682,11.85,0.2388,Negative
1277,0,0,0,0,0,0.0707,0,2,3.1689,0,0.4837,0,0,1,227.9384,0,0,-4.1673,11.9936,0.1854,Negative
1280,0,1,0,0,0,0.0833,0,1,0,0,0.2414,0,0,1,248.2064,0,0,-38.3907,11.9986,0.247,Negative
1281,0,0,0,0,0,0.0833,0,2,0,0,0.4002,0,0,1,204.775,0,0,-15.0479,11.9936,0.1667,Negative
1286,0,0,0,0,0,0.0833,0,3,0,0,0.3294,0,0,1,204.3409,0,0,-20.7712,11.9936,0.1479,Negative
1299,1,0,0,0,2,0.0746,0,2,1.8021,0,0.6301,0.2376,0,1,193.0804,0,0,-5.6046,11.9935,0.2357,Negative
1300,1,0,0,0,2,0.0746,0,2,0.6931,0,0.7855,0.2085,0,0,158.3668,0,0,-2.2478,11.9,0.4082,Negative
1301,0,0,0,0,1,0.0871,0,1,0,0,0.56,0,0,1,205.158,0,0,-6.7895,11.85,0.1179,Positive
1303,0,0,0,0,1,0.0821,0,1,2.7842,0,0.7739,0.5506,0,0,198.6685,0,0,-1.7822,11.85,0.1179,Negative
1304,0,0,0,0,8,0.0542,0,2,4.0431,1,1.1495,1.0011,0,0,170.3575,0,0,-1.4691,11.9934,0.8432,Negative
1305,0,0,0,0,1,0.0937,1,1,2.1972,1,1.2126,0.9387,0,0,163.3848,1,0,0.1992,11.9934,0.0645,Positive
1310,0,0,0,0,6,0.0821,0,3,1.0986,0,0.7327,0.2536,0,0,155.7208,0,0,-1.6138,11.9945,0.1581,Negative
1313,0,0,0,0,6,0.1067,0,4,1.0986,0,0.7225,0.8743,0,0,145.4952,0,0,0.0567,11.9936,0,Negative
1320,0,1,0,0,0,0.0663,0,2,2.7842,0,0.5369,2.6964,0,1,293.4413,0,0,47.4767,11.9986,0.5788,Negative
1321,0,0,0,0,0,0.0511,0,4,6.284,0,1.3691,0.8304,0,0,236.9227,1,0,-21.8774,11.85,0.7939,Negative
1322,0,0,0,0,0,0.0669,0,1,0,0,0.5809,0,0,0,237.1506,0,0,-15.939,11.85,0.3561,Negative
1323,0,0,0,0,0,0.0616,0,0,5.4329,0,0.7986,1.1516,0,0,243.8883,1,0,-1.5619,11.85,0.1361,Negative
1324,0,0,0,0,0,0.0514,0,3,6.9111,0,1.5507,0.7889,0,0,255.6959,1,0,7.4334,11.85,0.3266,Negative
1325,1,0,0,0,0,0.0558,1,0,5.4329,0,0.7986,1.1623,0,0,251.3728,0,0,-1.2373,11.85,0.2177,Negative
1336,1,0,0,0,0,0.057,0,2,4.3438,0,1.1336,0.9196,0,0,194.0489,0,0,0.2963,11.9,0.6664,Negative
1337,0,0,0,0,2,0.1006,0,2,2.5649,0,0.8872,0.8307,0,0,195.0229,0,0,-0.5816,11.9886,0,Negative
1339,0,0,0,0,0,0.0548,1,0,5.4329,0,0.6748,0,0,0,269.6918,0,2.6204,-7.8944,11.85,0.2622,Negative
1340,1,0,0,0,0,0.0463,1,2,6.7966,0,1.4483,0.9931,0,1,260.5175,0,5.0126,0.2927,11.9884,0.7074,Negative
1344,1,0,0,0,0,0.0403,1,0,7.5652,0,1.1415,1.2873,0,0,278.8974,0,0,-1.045,11.85,0.5366,Negative
1345,1,0,0,0,0,0.0435,1,0,6.593,0,1.0598,1.355,0,0,275.4453,0,0,-1.9408,11.85,0.3907,Positive
1349,1,0,0,0,0,0.0572,1,0,3.6109,0,1.0118,0.7705,0,0,188.971,0,2.3307,-1.5971,11.9,0.3032,Negative
1350,0,0,0,0,0,0.0836,1,0,3.434,0,1.2975,0.9713,0,0,174.7335,0,4.565,-0.3813,11.9,0.1021,Positive
1352,0,0,0,0,1,0.0788,1,1,0,0,0.5507,0,0,0,175.933,0,0,-8.7289,11.9,0.0722,Positive
1358,0,0,0,0,0,0.0543,1,1,3.8286,0,0.8006,0,0,0,217.1992,0,3.9431,-2.8474,11.9,0.3536,Negative
1365,0,0,0,0,0,0.0543,1,0,3.1781,1,0.8302,0,0,0,207.0545,1,0,-1.4672,11.9,0.3319,Negative
1366,0,0,0,0,0,0.0543,1,0,4.9611,1,0.6318,0,0,0,277.4428,1,0,-3.7557,11.85,0.2277,Positive
1368,0,0,0,0,1,0.0586,1,0,4.6757,1,0.6363,0,0,0,250.4637,1,0,-9.1663,11.85,0.2159,Positive
1372,0,0,0,0,0,0.0752,1,0,0,0,0.734,0.4051,0,0,250.4637,0,1.4893,-2.9475,11.85,0.1925,Positive
1373,0,0,0,0,0,0.0569,1,0,4.7168,1,0.7131,0.432,1,0,248.4594,1,0.7797,-8.9637,11.85,0.2141,Positive
1374,0,0,0,0,0,0.0589,1,0,5.6684,0,0.873,1.2138,0,0,249.9735,1,0.8034,0.3292,11.85,0.2323,Negative
1378,0,0,0,0,0,0.0497,0,3,6.6687,0,1.4203,1.0294,0,1,250.7767,0,0,-1.1845,11.85,0.6698,Negative
1379,0,0,0,0,0,0.0603,0,2,5.7027,0,0.7986,1.0753,0,1,243.8424,0,0,-1.9116,11.85,0.2412,Negative
1383,1,0,0,1,0,0.0488,0,0,6.9853,0,1.6786,0.9563,0,0,254.5279,1,0,2.0187,11.85,0.5332,Negative
1386,1,0,0,0,0,0.0483,1,0,7.2698,0,0.971,0.9615,0,0,264.1554,1,0,-7.4845,11.85,0.2622,Negative
1388,0,0,0,0,0,0.0665,1,0,2.5649,1,0.7057,0,0,0,207.4789,1,3.4409,-3.2363,11.9963,0.3411,Negative
1390,0,0,0,0,0,0.0713,1,0,4.8875,1,0.7986,0.8479,0,0,235.4747,1,2.5081,-3.2654,11.85,0.2235,Positive
1391,0,0,0,0,0,0.074,1,0,4.5231,1,0.7986,0.8457,0,0,236.4791,0,2.6782,-1.0428,11.85,0.1489,Positive
1395,0,0,0,0,1,0.0228,1,0,4.2905,1,1.2993,0.926,0,0,253.9384,1,0,0.0708,11.9974,2.1708,Negative
1396,0,0,0,0,1,0.0231,1,0,4.0073,1,1.1748,0.925,0,0,253.1074,1,0,0.089,11.9974,1.839,Negative
1397,0,0,0,0,1,0.0246,1,0,2.9444,1,0.7274,0.9702,0,0,250.2946,1,0,0.1391,11.9975,1.1753,Negative
1405,0,0,0,0,0,0.0498,1,0,3.3322,1,0.9478,0.7965,0,0,216.8006,1,0,-2.9054,11.9963,0.639,Negative
1407,0,1,0,0,0,0.0594,1,0,3.1689,1,0.4329,0,0,0,301.9785,1,0,-27.1434,11.9986,0.4705,Negative
1408,0,0,0,0,0,0.0568,1,0,0,1,0.4656,0.5819,1,0,235.1708,1,0,-10.4364,11.85,0.314,Positive
1409,0,0,0,0,0,0.0665,1,0,2.5649,1,0.7057,0,0,0,207.4789,1,3.4409,-3.2363,11.9963,0.3411,Negative
1410,1,0,0,0,0,0.0512,1,0,6.4861,1,0.8705,0.9969,0,0,252.5695,1,0,-2.1054,11.9962,0.349,Negative
1411,0,0,0,0,0,0.0591,1,1,0,1,0.7126,0.2442,0,1,248.7597,1,0,-12.8608,11.999,0.2468,Positive
1413,0,1,0,0,0,0.0696,1,0,3.1689,1,0.4311,2.9838,0,0,301.9785,1,0,9.5515,11.9986,0.4705,Negative
1414,0,0,0,0,0,0.0591,1,1,0,1,0.6443,0.9119,0,1,248.7597,1,0,-12.3907,11.9963,0.2392,Negative
1415,0,0,0,0,0,0.0652,1,0,0,1,0.4643,0.6852,1,0,236.2755,1,0,-13.1238,11.85,0.2581,Positive
1416,0,0,0,0,0,0.0767,1,0,0,1,0.4632,0.8573,0,0,237.5183,1,0,-8.6999,11.85,0.2035,Positive
1417,1,0,0,0,0,0.0484,1,0,5.5378,1,0.7411,1.0594,0,0,278.7745,1,0,-9.9383,11.85,0.3566,Positive
1418,1,0,0,0,0,0.0508,1,0,6.8097,1,1.0407,0.9077,0,0,258.1848,1,0,-8.8812,11.9962,0.4246,Negative
1420,0,0,0,0,0,0.0546,1,1,6.3365,1,0.8226,1.0028,0,1,256.4425,1,0,-7.5553,11.85,0.2581,Positive
1422,1,0,0,0,0,0.0641,1,0,3.8408,1,0.507,0.6119,0,0,246.6778,1,0,-9.2906,11.9963,0.258,Positive
1424,0,0,0,0,0,0.0564,1,1,4.925,1,0.8293,0.4573,0,1,254.2606,1,0,-2.3552,11.999,0.328,Negative
1425,0,1,0,0,0,0.067,1,0,0,1,0.4342,0,0,0,270.4526,1,0,-7.57,11.9986,0.318,Positive
1426,0,1,0,0,0,0.067,1,1,0,1,0.3169,0,0,1,274.6788,1,0,-16.2371,11.9986,0.2566,Negative
1427,0,0,0,0,0,0.0641,1,1,3.8408,1,0.3827,0.676,0,1,248.7597,1,0,-9.758,11.9963,0.2204,Positive
1429,1,0,0,0,0,0.0551,1,0,6.3058,1,0.7492,0.4698,0,0,254.2923,1,0,-4.0907,11.85,0.2733,Negative
1433,1,0,0,0,0,0.0513,1,0,3.7612,1,1.1885,0.8168,0,0,186.9661,1,0,-0.4556,11.9962,0.6133,Positive
1437,0,0,0,0,0,0.0752,1,1,0,1,0.3173,0,0,1,240.9011,1,0,-7.021,11.85,0.1102,Positive
1447,1,0,0,0,0,0.0561,1,0,6.3466,1,0.9011,0.7638,0,0,242.7426,1,0,-1.0459,11.85,0.3221,Negative
1448,0,0,0,0,0,0.0744,1,0,3.8408,1,0.6878,0.7362,0,0,226.0882,1,0,7.4519,11.85,0.1824,Positive
1456,0,0,0,0,2,0.0934,1,0,2.3026,1,0.6063,0.6753,0,0,205.4419,0,0,14.5463,11.9964,0.1291,Positive
1462,1,0,0,0,0,0.0538,1,0,5.2905,0,0.8058,1.1132,0,0,240.5365,1,0,-1.3445,11.85,0.303,Positive
1466,1,0,0,0,0,0.0558,0,0,5.4329,0,0.7986,1.0671,0,0,234.4275,1,0,-2.3845,11.85,0.257,Positive
1471,0,0,0,0,0,0.0461,0,0,0,0,0.082,0,0,0,485.0476,1,0,-46.7111,11.9989,1.2834,Negative
1472,1,0,0,0,0,0.0403,1,1,7.3828,0,1.232,0.9609,0,1,288.789,1,0,-12.5339,11.9988,0.837,Negative
1473,0,0,0,0,0,0.0634,0,0,0,0,0.082,0,0,0,381.613,1,0,408.7199,11.9989,0.9502,Positive
1474,0,0,0,0,0,0.0615,0,1,0,0,0.4436,0.9789,0,0,351.7422,1,0,48.1552,11.9988,0.7062,Positive
1475,0,0,0,0,0,0.0557,0,3,5.2109,0,0.5404,1.6556,0,1,256.7911,1,0,-7.0882,11.999,0.3779,Negative
1476,1,0,0,0,0,0.0484,0,0,5.5612,0,1.1009,1.0598,0,0,192.1749,1,0,0.3423,11.9,0.5112,Negative
1477,0,1,0,0,0,0.0461,0,0,0,0,0.094,0,0,0,408.3408,1,0,-5.4685,11.9986,0.7646,Negative
1478,1,1,0,0,0,0.0452,0,0,6.1349,0,0.8187,0.915,0,0,338.8455,1,0,-24.6691,11.9985,1.2267,Negative
1479,0,1,0,0,0,0.0538,0,0,0,0,0.094,0,0,0,371.9649,1,0,-4.1014,11.9986,0.6667,Negative
1480,0,1,0,0,0,0.0505,0,0,6.2741,0,0.629,0.9037,0,0,297.1581,1,0,5.3658,11.9985,0.5276,Negative
1482,0,1,0,0,0,0.0519,0,1,3.1689,0,0.387,0,0,1,302.3187,1,0,10.5259,11.9986,0.5106,Negative
1483,0,1,0,0,0,0.0752,0,0,0,0,0.0873,0,0,0,299.213,1,0,-29.6383,11.9986,0.3832,Negative
1486,0,1,0,0,0,0.0602,0,0,0,0,0.0875,0,0,0,335.5889,1,0,-34.262,11.9986,0.5555,Negative
1489,0,1,0,0,0,0.0561,0,0,5.8732,0,0.8112,1.1894,1,0,301.8535,1,0,-0.7744,11.9985,0.724,Negative
1491,0,0,0,0,0,0.0441,0,0,7.1952,0,1.0009,1.0645,0,0,266.3751,1,0,-10.5488,11.999,0.8382,Negative
1492,1,0,0,0,0,0.0498,1,1,6.8453,0,1.0873,1.0481,0,1,250.9082,1,0,0.452,11.9962,0.4377,Negative
1495,1,0,0,0,0,0.0543,1,0,5.6943,0,0.8115,1.1419,0,0,248.6819,1,0,1.1507,11.9962,0.3456,Negative
1497,0,0,0,0,0,0.0515,0,0,6.5369,0,0.8507,0.6194,0,0,258.5295,1,0,-9.1581,11.85,0.5056,Negative
1507,1,0,0,0,0,0.0591,0,0,5.6684,0,0.7986,0.8933,0,0,233.7595,1,0,-1.6235,11.85,0.3848,Negative
1511,0,1,0,0,0,0.0594,0,1,3.1689,0,0.3874,0,0,1,270.7929,1,0,-7.1746,11.9986,0.3556,Negative
1512,1,1,0,0,0,0.0539,0,0,5.8295,0,0.8142,1.0966,0,0,268.7882,1,0,-6.4469,11.9985,0.7112,Negative
1513,1,1,0,0,0,0.0571,0,0,5.6418,0,0.8139,1.1468,0,0,252.6155,1,0,-0.9748,11.9985,0.4734,Positive
1517,1,0,0,0,0,0.0388,1,2,7.4611,0,1.1648,1.1904,0,1,265.7079,1,0,4.3327,11.999,0.7387,Negative
1524,1,0,0,0,0,0.0588,0,0,5.6418,0,0.8116,1.1126,0,0,233.7595,1,0,-2.1037,11.9962,0.359,Negative
1528,0,0,0,0,0,0.0593,1,0,5.3402,1,0.8117,1.2084,0,0,248.6819,1,0,2.5818,11.85,0.2676,Positive
1529,1,0,0,0,0,0.0419,1,0,6.6951,0,1.0618,1.4234,0,0,273.0832,1,0,0.0412,11.85,0.4456,Negative
1532,0,0,0,0,0,0.0596,0,1,6.0187,0,0.6271,0,0,1,249.3857,1,0,-6.1713,11.85,0.2038,Negative
1536,0,0,0,0,0,0.0833,0,0,0,0,0.0776,0,0,0,278.1784,1,0,-128.993,11.9989,0.348,Negative
1537,0,0,0,0,0,0.0783,1,0,2.7842,0,0.4223,0,0,0,238.9268,1,0.6204,-6.5152,11.9963,0.1479,Negative
1538,1,0,0,0,0,0.0572,0,0,6.1725,0,0.8113,0.9442,0,0,243.8883,1,0,-3.1996,11.85,0.2201,Positive
1540,0,1,0,0,0,0.0833,0,0,0,0,0.0813,0,0,0,262.8371,1,0,-37.425,11.9986,0.2282,Negative
1541,0,0,0,0,0,0.0833,0,0,0,0,0.0872,0,0,0,237.6888,1,0,-16.8775,11.9964,0.1191,Negative
1552,0,0,0,0,8,0.0515,0,0,2.3026,0,0.795,1.6004,0,0,164.9679,0,0,-2.1605,11.9962,1.4142,Negative
1555,0,0,0,0,2,0.0283,0,0,1.0986,0,0.5648,1.408,0,0,226.2447,1,0,-2.3616,11.9963,0.9449,Negative
1558,0,0,0,0,2,0.0671,0,0,0,0,0.4852,0.5573,0,0,164.4084,1,0,-4.0591,11.9964,0.383,Positive
1568,1,0,0,0,2,0.0412,0,0,4.2627,0,1.242,0.6658,0,0,180.49,1,0,-0.3795,11.9,0.9457,Negative
1569,0,1,0,0,1,0.0755,0,0,2.151,0,0.4484,2.479,0,0,273.4658,1,0,-2.3254,11.9986,0.4547,Positive
1575,0,0,0,0,1,0.0821,0,0,2.7842,0,0.7001,0.46,0,0,206.0718,1,0,-1.529,11.85,0.1179,Positive
1590,0,0,0,0,4,0.0562,1,0,4.7802,1,1.1085,1.0028,0,0,212.9912,1,0,-7.4913,11.9962,0.25,Positive
1597,0,1,0,1,0,0.0567,0,0,5.1142,0,0.8097,0.8357,0,0,262.9623,0,0,-30.8698,11.999,1.2592,Negative
1598,0,0,0,0,2,0.0234,0,0,3.5264,0,0.9628,0.9512,0,0,255.8306,0,0,-0.0007,11.9975,1.5331,Negative
1601,0,0,0,0,0,0.0596,0,0,0,0,0.7986,1.3293,0,0,244.1377,0,1.6075,-15.9414,11.85,0.4066,Negative
1604,0,1,0,0,0,0.069,0,0,0,0,0.53,2.7547,0,0,277.9025,0,0,-37.5764,11.9986,0.4993,Positive
1605,1,0,0,0,0,0.0468,0,0,7.7898,0,1.5724,0.9003,0,0,264.0688,0,0,-3.157,11.999,1.1897,Negative
1606,0,0,0,0,0,0.0594,0,1,4.343,0,0.5681,0.6575,0,1,256.587,0,0,-10.1728,11.999,0.4282,Negative
1607,0,0,0,0,0,0.0594,0,1,4.343,0,0.5681,0.6575,0,1,256.587,0,0,-10.1728,11.999,0.4282,Negative
1610,0,0,0,0,0,0.0449,0,0,6.9752,0,1.2885,0.6924,0,0,268.2976,0,0,-15.067,11.999,0.7377,Negative
1611,0,0,0,0,0,0.0669,0,0,0,0,0.5309,0,0,0,248.3471,0,0,-15.8109,11.85,0.3103,Positive
1613,0,0,0,0,0,0.0752,0,0,0,0,0.4249,0,0,0,250.4775,0,0,-15.6097,11.85,0.2237,Negative
1616,0,0,0,0,0,0.0515,0,2,7.0537,0,1.1799,0.9685,0,1,323.273,0,0,-10.937,11.998,1.0632,Negative
1617,0,0,0,0,0,0.0616,0,2,3.3673,0,1.0377,1.2359,0,0,183.3784,0,0,5.1615,11.9,0.4418,Negative
1621,0,0,0,0,0,0.0596,0,0,6.0187,0,0.6296,0,0,0,267.4009,0,0,-7.67,11.9985,0.3492,Negative
1623,0,0,0,0,0,0.0585,0,2,5.8615,0,0.6836,0,0,1,264.6579,0,0,2.6314,11.9985,0.2867,Negative
11,0,1,0,0,0,0.0696,0,1,3.1689,0,0.3576,0,0,1,308.4564,0,0,4.5091,11.9986,0.4547,Negative
15,0,0,0,0,0,0.0641,0,2,3.8408,0,0.426,0,0,1,251.1017,0,0,-6.4804,11.999,0.2357,Negative
32,1,0,0,0,0,0.047,0,0,6.7906,0,0.8137,1.3755,0,0,428.4995,0,0,-152.839,11.9988,1.6933,Negative
35,0,0,0,0,0,0.0497,0,0,6.0491,0,0.8216,1.4715,0,0,419.2774,1,0,-77.5672,11.9988,1.7139,Negative
72,0,0,0,0,2,0.0569,1,0,4.978,1,1.084,1.1422,0,0,225.9366,1,2.9098,1.0786,11.79,0.2277,Positive
74,0,0,0,0,1,0.0501,0,1,5.8935,0,0.9897,1.3631,0,0,250.1744,1,1.5542,-4.6366,11.9986,0.4145,Negative
84,1,0,0,0,0,0.049,0,0,6.9391,0,0.9507,0,0,0,266.5436,0,4.3565,-6.0238,11.85,0.3125,Negative
85,0,1,0,0,2,0.057,1,0,4.5766,1,0.7743,0.6718,0,0,229.2093,1,0,-13.3233,11.89,0.9609,Negative
91,1,0,0,0,0,0.0483,0,0,6.8159,0,0.971,0.8982,0,0,252.8938,0,0,-5.6003,11.9,0.3485,Negative
95,0,0,0,0,0,0.0884,0,0,0,0,0.3502,0,0,0,188.057,0,9.0694,-4.8426,11.9,0,Negative
104,0,0,0,0,0,0.0545,0,2,6.2765,0,1.0494,1.1918,0,1,232.8255,0,0,0.0425,11.9,0.7211,Negative
106,0,0,0,0,0,0.0625,0,1,5.6452,0,0.6734,0,0,1,240.5647,0,0,-8.0908,11.85,0.1555,Positive
113,1,0,0,0,0,0.0495,0,0,7.3387,0,1.0828,1.1829,0,0,260.0031,0,0,-4.9797,11.85,0.3333,Negative
114,0,0,0,0,0,0.0633,0,0,4.3859,0,0.7167,0,0,0,209.4625,0,0,-6.6836,11.9,0.2041,Negative
115,0,0,0,0,0,0.0633,0,0,2.7081,0,0.8903,0,0,0,171.2384,0,0,-3.3904,11.9,0.3333,Negative
122,0,0,0,0,3,0.0397,1,2,5.2816,1,1.291,0.9378,0,0,226.4572,0,0,9.4312,11.89,2.3086,Negative
137,0,0,0,0,0,0.0459,0,4,3.6109,0,0.9763,0,0,0,176.6983,0,0,6.5826,11.9945,0.6325,Negative
151,0,0,0,0,6,0.0807,1,0,2.6391,1,1.1931,0.6108,0,0,192.1047,0,0,-10.8963,11.89,0.4369,Positive
156,0,0,0,0,1,0.0767,0,0,0,0,0.7092,1.1,0,0,216.944,1,0,-6.4023,11.89,0.3346,Negative
159,0,0,0,0,5,0.0454,1,0,4.8442,1,1.4163,0.6602,0,0,198.0036,1,3.8684,3.8366,11.89,1.8153,Negative
162,0,0,0,0,4,0.0939,0,0,2.1972,0,0.9219,1.637,0,0,172.7954,0,4.0769,0.8276,11.89,0.4928,Positive
166,1,1,0,0,4,0.0504,1,6,7.4658,0,1.7196,1.0044,0,1,245.5984,0,0,0.9215,11.89,1.5388,Negative
168,0,0,0,0,2,0.0625,1,0,3.2189,1,0.7525,1.8592,0,0,225.1184,0,1.1602,13.5651,11.89,0.424,Positive
171,0,0,0,0,1,0.0752,1,0,0,0,0.6862,0,0,0,226.6586,0,0,-9.5799,11.89,0.1854,Positive
178,1,0,0,0,4,0.0484,1,2,7.0823,0,1.5346,0.9804,0,1,219.5303,0,0,2.7146,11.89,1.0327,Negative
179,0,0,0,0,1,0.0654,1,1,4.343,0,0.7986,1.2511,0,1,218.8827,0,0,10.7285,11.89,0.2998,Positive
180,0,0,0,0,2,0.0612,1,1,4.4371,0,1.0734,1.0259,0,1,212.5508,0,0,2.8911,11.89,0.433,Positive
185,0,0,0,0,3,0.0484,1,1,2.9444,1,0.9008,0.8058,0,0,179.8683,1,0,-2.994,11.89,0.5275,Positive
189,0,0,0,0,1,0.0744,1,1,3.8408,0,0.7986,0.8341,0,1,217.2418,0,0,3.6419,11.89,0.1854,Positive
198,0,0,0,0,2,0.074,1,0,3.8408,1,0.7986,1.0918,0,0,216.9177,1,0,-4.8489,11.89,0.2012,Positive
206,1,0,0.091,0,9,0.0484,0,0,5.2109,0,1.2747,1.8615,0,0,179.0246,1,0,4.9893,11.89,4.0336,Negative
207,1,1,0,0,6,0.0437,0,3,7.8027,0,1.4972,1.2232,0,1,217.6868,1,0,8.9907,11.9985,3.1388,Negative
210,1,0,0,0,6,0.044,0,0,6.8882,0,1.3755,1.5192,0,0,202.0193,1,0,5.5509,11.89,2.8669,Negative
211,1,0,0,0,12,0.0418,0,0,6.6794,0,1.6092,1.0777,0,0,187.7661,1,0,6.4746,11.89,5.6362,Negative
218,1,0,0.1743,0,3,0.069,0,0,0,0,0.7603,1.0796,0,0,195.4693,1,0,0.3696,11.89,1.4079,Negative
223,0,0,0,0,5,0.0477,1,6,6.8919,0,1.6599,1.0088,0,1,203.936,1,0,3.9951,11.89,2.7115,Negative
234,1,0,0,0,6,0.0466,0,0,6.4082,0,1.3144,1.0987,0,0,262.7169,1,0,92.1884,11.9988,2.1526,Negative
248,1,0,0,0,2,0.0663,1,0,3.2189,0,1.0342,1.2547,0,0,178.9823,1,3.2887,1.1641,11.9,1.2044,Positive
251,1,0,0,0,3,0.0696,0,0,1.0986,0,1.0241,1.2717,0,0,163.6527,1,0,-0.9194,11.89,0.8635,Negative
254,0,0,0,0,2,0.0971,0,0,0,0,0.8566,1.6927,0,0,182.0196,0,4.0352,-1.3477,11.89,0.433,Positive
262,0,0,0,0,7,0.0611,1,0,1.6094,1,0.8672,1.6758,0,0,166.0868,1,0,-4.1524,11.89,1.7951,Positive
266,0,0,0,0,3,0.0767,0,0,0,0,0.8649,1.625,0,0,182.0196,0,4.7176,-5.3053,11.89,0.6107,Positive
272,1,0,0,0,2,0.0663,1,0,0,0,0.7986,1.4521,0,0,209.7637,0,0.8652,-4.069,11.89,0.4811,Positive
274,1,0,0,0,4,0.0591,0,0,0,0,0.7986,1.5344,0,0,188.057,0,0,-4.8426,11.89,0.7698,Negative
277,1,0,0,1,6,0.0509,0,0,6.4437,0,1.4758,0.991,0,0,214.2009,1,0,1.0829,11.89,1.5415,Negative
278,1,0,0,0,4,0.0426,0,0,6.9525,0,1.3324,1.2837,0,0,216.0974,0,0,0.3371,11.89,1.1979,Negative
280,1,0,0,0,2,0.0546,0,0,6.2524,0,0.9792,1.197,0,0,220.033,0,0,-4.2872,11.89,0.5516,Negative
283,1,0,0,0,3,0.067,0,0,0,0,0.7603,0,0,0,194.5976,0,0,-3.0532,11.89,0.5516,Negative
284,1,0,0,0,2,0.0752,0,0,0,0,0.7603,0,0,0,199.2694,0,0,-4.6669,11.89,0.3849,Negative
287,0,0,0,0,2,0.0621,1,2,0,0,0.7603,0,0,0,188.5674,0,0,5.1946,11.89,0.5266,Negative
297,1,0,0,0,2,0.09,1,0,2.6391,1,1.4549,0.9635,0,0,163.8411,1,0,1.0661,11.89,0.4728,Positive
299,1,0,0,0,6,0.065,1,0,5.0414,1,1.5575,1.0026,0,0,181.4601,1,0,5.1182,11.89,1.0442,Negative
302,0,0,0,0,3,0.0665,1,0,4.2172,1,0.9426,1.1109,0,0,200.9263,1,0,6.8586,11.9962,0.5866,Positive
309,0,0,0,0,6,0.0543,1,0,4.978,1,1.1073,1.2822,0,0,198.2304,1,0,9.2958,11.89,1.0442,Positive
310,0,0,0,0,3,0.0558,0,0,6.3455,0,1.0024,0.9963,0,0,214.2893,1,0,1.7765,11.89,0.643,Negative
363,1,0,0.3814,0,3,0.0466,0,0,1.0986,0,0.9658,0,0,0,172.7954,1,0,-13.2358,11.89,1.6903,Positive
366,1,0,0.2818,0,3,0.0466,1,0,1.6094,0,0.9658,0,0,0,183.2926,0,0,-14.5904,11.89,1.6108,Positive
369,1,0,0.1214,0,4,0.0558,0,2,4.1109,0,1.0793,1.0868,0,0,192.9741,0,0,10.1855,11.9,2.263,Negative
370,1,0,0.3807,0,4,0.0548,0,2,0,0,0.8858,0,0,0,158.9894,0,0,4.4527,11.9,2.3006,Negative
377,0,1,0,0,1,0.0417,1,2,6.1686,0,1.106,1.2984,0,1,275.5833,0,0,10.6081,11.9985,0.9612,Negative
387,0,1,0,0,1,0.0535,0,1,3.6628,0,0.6142,0.2699,0,1,247.9297,0,0,-26.3562,11.89,0.688,Negative
389,1,1,0,0,4,0.0422,0,3,7.6946,0,1.272,0.579,0,1,230.24,1,0,9.3475,11.9985,1.9721,Negative
390,1,0,0.1252,0,9,0.0478,0,0,3.4657,1,1.3433,0.8929,0,0,165.8581,1,0,9.3492,11.89,4.0425,Negative
391,1,0,0,0,2,0.0524,1,1,4.1109,0,1.2702,0.8183,0,0,190.1525,1,0,2.3125,11.9,1.1326,Negative
395,1,0,0.0147,0,5,0.0481,0,0,3.1689,0,0.8603,0,0,0,188.971,1,0,1.6311,11.89,1.6891,Negative
399,0,0,0,0,1,0.0569,0,2,3.8408,0,0.575,0,0,1,237.0164,0,0,5.6917,11.999,0.4024,Negative
401,1,0,0,0,8,0.0427,0,0,6.351,0,1.498,0.495,0,0,195.936,1,0,4.3956,11.89,3.2936,Negative
402,1,0,0,0,2,0.0551,0,2,3.6376,0,1.1736,1.0891,0,0,165.3595,0,0,-3.3409,11.9,1.1518,Negative
413,0,0,0,0,1,0.0696,0,1,3.1689,0,0.5813,0.8875,0,1,226.3717,1,0,-3.0857,11.89,0.3209,Negative
418,0,0,0,0,1,0.0628,0,2,3.8408,0,0.7199,1.0206,0,1,237.0164,0,0,6.2278,11.89,0.3708,Negative
425,1,0,0,0,3,0.0637,0,0,0,0,0.7718,0,0,0,200.0476,1,0,-18.0852,11.89,0.4696,Negative
443,0,1,0,0,1,0.0721,0,0,0,0,0.4237,0,0,0,243.9104,1,0,-12.2753,11.89,0.3949,Negative
456,0,0,0,0,1,0.0463,0,3,7.4084,0,1.0247,1.3289,0,1,242.6419,1,0,-0.1706,11.89,0.4696,Negative
458,0,0,0,0,2,0.0721,0,0,0,0,0.6066,0,0,0,206.0718,1,0,-10.1242,11.89,0.3632,Negative
465,1,0,0,0,1,0.0523,1,0,3.434,1,0.891,0.8153,0,0,201.4096,1,0,0.8583,11.9,0.6206,Negative
467,1,0,0,0,2,0.0399,1,2,7.6626,0,1.2894,1.0134,0,1,255.5743,0,0,1.0073,11.89,1.0127,Negative
471,1,0,0,0,2,0.0752,0,1,0,0,0.7146,0,0,1,198.6685,0,0,-16.8314,11.89,0.3608,Negative
481,0,0,0,0,2,0.0752,0,1,0,0,0.7318,0,0,1,198.6685,0,0,-16.908,11.89,0.3527,Negative
483,0,0,0,0,1,0.061,0,0,5.5576,0,0.8734,1.2946,0,0,234.4275,1,0,1.4383,11.89,0.3027,Negative
487,0,0,0,0,1,0.0707,0,1,3.1689,0,0.5761,0,0,1,226.9588,0,0,-5.6217,11.89,0.2464,Negative
489,0,0,0,0,1,0.0707,1,0,3.1689,1,0.6009,0,0,0,226.0882,1,0,-5.4417,11.89,0.2621,Positive
495,0,0,0,0,2,0.0694,1,0,2.0794,1,0.9886,0.4537,0,0,175.6212,1,0,-2.891,11.89,0.4153,Positive
511,1,0,0,0,1,0.0389,0,0,6.2032,0,1.2998,0.8646,0,0,209.7637,1,0,-8.1611,11.89,1.5614,Negative
530,1,0,0,0,8,0.0472,0,0,5.1828,0,1.2995,1.5689,0,0,179.0246,1,0,3.4977,11.89,3.0006,Negative
540,0,0,0,0,3,0.0793,1,0,0,1,0.9531,1.2196,0,0,178.8992,0,0,5.2359,11.89,0.3699,Positive
556,1,0,0,0,7,0.051,0,0,4.8081,0,1.1793,1.2953,0,0,181.4149,1,0,4.5082,11.89,2.8181,Negative
559,1,0,0,0,2,0.055,0,0,6.4947,0,1.2263,1.1605,0,0,215.7582,0,0,-6.0798,11.89,0.4024,Negative
565,1,0,0,0,1,0.0564,0,0,6.2633,0,0.9544,1.0658,0,0,227.3003,0,0,-4.1747,11.89,0.2845,Positive
567,0,0,0,0,1,0.0764,0,0,0,0,0.6893,0,0,0,206.0718,1,0,-4.7646,11.89,0.1924,Positive
573,1,0,0,0,12,0.0414,1,1,5.425,1,1.6852,1.1729,0,0,176.3486,1,0,-2.6915,11.89,3.7328,Negative
591,1,0,0,0,6,0.0371,1,1,5.6699,0,1.4382,1.0327,0,0,184.69,0,4.5616,0.2417,11.89,1.9865,Negative
595,0,0,0,0,6,0.0797,1,0,3.8501,1,1.4276,0.9116,0,0,174.2486,1,2.337,-0.4648,11.89,0.5045,Positive
596,1,0,0,0,9,0.0562,1,0,5.912,1,1.6951,0.9562,0,0,182.2895,1,0,2.2216,11.89,0.965,Negative
599,0,0,0,0,4,0.085,1,0,1.9459,1,1.106,0.9354,0,0,164.763,1,0,-1.2179,11.89,0.263,Positive
602,0,0,0,0,4,0.0906,1,0,1.6094,1,1.0559,0.954,0,0,178.3758,1,0,-0.747,11.9985,0.263,Negative
603,0,0,0,0,3,0.113,0,0,1.0986,0,1.0492,0.7877,0,0,163.6527,1,1.5363,-1.5106,11.89,0.2041,Negative
617,0,0,0,0,1,0.0703,1,0,5.0173,0,1.0539,1.0996,0,0,203.1859,0,2.9497,1.3911,11.89,0.2141,Negative
619,0,0,0,0,1,0.0918,1,0,3.4965,1,1.4464,1.008,0,0,174.0532,1,9.0783,0.0057,11.89,0.0645,Positive
624,0,0,0,0,2,0.1021,1,0,0,0,0.7702,0.8226,0,0,164.0746,0,0,0.2943,11.89,0.1443,Positive
627,0,0,0,0,2,0.0587,0,2,5.8733,0,1.4697,0.9371,0,1,196.5462,0,0,1.0174,11.89,0.4541,Negative
634,0,0,0,0,1,0.1003,1,0,1.3863,1,0.7702,0.828,0,0,166.0868,1,0,0.3727,11.89,0.0645,Positive
642,0,0,0,0,3,0.0797,1,1,3.434,0,1.5794,0.9736,0,0,174.6168,0,4.6322,-0.0823,11.89,0.4984,Positive
656,1,0,0,0,2,0.0613,0,1,6.0839,0,1.6497,1.0297,0,1,186.6443,0,0,1.5274,11.89,0.4024,Negative
658,0,0,0,0,5,0.0832,1,1,2.4849,0,1.2615,0.9178,0,0,164.3224,0,0,-0.3946,11.89,0.1764,Positive
660,1,0,0,0,1,0.075,0,0,3.8982,0,1.2318,0.9409,0,0,182.8789,1,0,-1.1165,11.89,0.1924,Negative
663,1,0,0,0,2,0.0675,0,0,4.8261,0,1.5023,0.9886,0,0,174.4226,1,0,-0.4108,11.89,0.255,Negative
668,0,0,0,0,5,0.0839,1,1,2.6391,0,1.3671,0.933,0,0,164.0476,0,0,-0.1998,11.89,0.1764,Positive
677,0,0,0,0,3,0.0819,1,1,2.5649,1,1.3679,0.9637,0,0,163.041,0,0,4.3535,11.89,1.7071,Positive
684,0,0,0,0,2,0.0975,0,0,1.9459,0,1.3087,0.9454,0,0,155.9488,0,0,-0.0741,11.89,0,Positive
692,0,0,0,0,2,0.095,0,0,2.3026,0,1.427,0.959,0,0,156.9585,0,0,-0.0485,11.89,0,Positive
696,0,0,0,0,4,0.0849,1,2,3.7136,0,1.6709,0.9676,0,0,164.1984,0,0,-0.0756,11.89,0.1443,Negative
699,0,0,0,0,3,0.0691,1,0,3.6889,1,1.5778,1.025,0,0,169.6395,1,0,-0.4737,11.89,0.4327,Positive
701,0,0,0,0,2,0.094,0,0,2.4849,0,1.4814,0.9648,0,0,157.4605,0,0,-0.0382,11.89,0,Positive
703,1,0,0,0,1,0.077,1,0,3.3322,1,1.5235,0.9688,0,0,172.4599,1,0,0.4892,11.89,0.2514,Negative
708,0,0,0,0,1,0.091,1,1,2.8904,0,1.5447,0.9743,0,0,161.9688,0,0,0.0513,11.89,0.0833,Negative
718,0,0,0,0,2,0.0912,0,0,3.2189,0,1.6402,0.9817,0,0,159.2252,0,0,-0.0127,11.89,0,Positive
724,0,0,0,0,2,0.0905,0,0,3.4965,0,1.6754,0.9858,0,0,159.7504,0,0,-0.008,11.89,0,Positive
725,0,0,0,0,2,0.0903,0,0,3.6109,0,1.6867,0.9873,0,0,159.9424,0,0,-0.0066,11.89,0,Positive
728,0,0,0,0,3,0.0881,1,0,3.7377,1,1.6891,0.9865,0,0,162.7082,1,0,-0.0236,11.89,0.0589,Positive
731,0,0,0,0,2,0.0933,0,1,2.8904,0,1.4737,0.963,0,0,166.4935,0,0,0.0949,11.89,0,Negative
732,0,0,0,0,3,0.0734,1,1,3.2189,0,1.5784,0.9863,0,0,165.3646,1,0,0.802,11.9961,0.411,Negative
737,0,0,0,1,6,0.0852,0,0,4.0604,0,1.6725,1.0015,0,0,163.1134,1,0,0.1685,11.89,0.0913,Positive
742,0,0,0,0,2,0.0965,0,0,2.0794,0,1.3096,0.9492,0,0,157.292,1,0,0.0334,11.89,0,Positive
747,0,0,0,1,2,0.0651,0,0,3.9512,0,1.6137,1.1097,0,0,171.2433,1,0,0.6145,11.9,0.327,Negative
756,0,0,0,0,16,0.0729,1,0,4.9628,1,1.708,0.9275,0,0,176.623,0,0,3.176,11.89,0.9428,Negative
758,0,0,0,0,2,0.1006,0,0,1.6094,0,1.1164,0.9216,0,0,156.1413,1,0,0.0545,11.89,0,Positive
759,0,0,0,0,2,0.103,0,0,1.3863,0,1.0248,0.9049,0,0,155.6182,1,0,0.0662,11.89,0,Positive
769,0,0,0,0,4,0.0846,1,0,3.3673,1,1.5567,0.9725,0,0,167.8899,1,0,-0.5433,11.89,0.1179,Positive
771,0,0,0,0,4,0.0579,0,0,3.1781,1,1.2159,0.9686,0,0,168.7068,1,0,-0.3717,11.9962,0.41,Positive
774,0,0,0,0,4,0.0628,1,0,5.0018,1,1.4109,1.0131,0,0,187.3297,1,0,4.163,11.89,0.2277,Negative
776,0,0,0,0,2,0.0947,1,0,1.7918,1,0.8762,0.8119,0,0,175.6212,1,1.1943,-3.8024,11.79,0.0481,Positive
780,0,0,0,0,4,0.103,0,1,1.3863,0,1.1139,1.0653,0,0,152.7473,0,0,-0.0186,11.89,0,Positive
794,0,0,0,0,3,0.0986,1,0,0,1,0.7017,1.0738,0,0,177.337,0,0,-6.782,11.89,0.2184,Positive
803,0,0,0,0,4,0.1021,0,0,0,0,0.7083,0.8646,0,0,155.7896,0,0,2.4424,11.89,0.1826,Positive
806,1,0,0,0,4,0.0355,1,4,7.5514,0,1.4793,0.984,0,1,227.693,0,0,3.818,11.89,0.8213,Negative
808,0,0,0,0,6,0.103,0,0,1.3863,0,0.9695,0.9697,0,0,158.5109,0,0,0.9822,11.89,0,Positive
813,0,0,0,1,4,0.096,0,0,1.3863,0,1.0037,0.9831,0,0,170.0333,0,0,-6.6792,11.89,0.1957,Negative
815,0,0,0,1,6,0.0815,0,0,2.3026,0,1.3459,1.2665,0,0,193.7492,0,0,-17.5899,11.89,2.466,Positive
817,0,0,0,0,5,0.0498,0,3,5.7628,0,1.1507,1.1785,0,1,208.4538,0,0,3.1959,11.9974,0.5893,Negative
818,0,0,0,0,4,0.0498,0,3,6.0064,0,1.3977,1.0902,0,1,207.6518,0,0,5.5602,11.9984,0.8767,Negative
819,0,0,0,0,4,0.0498,0,4,6.0064,0,1.3977,1.1374,0,1,207.5631,0,0,5.8289,11.999,0.728,Negative
826,0,0,0,0,4,0.0602,1,1,4.7067,0,1.0856,0.8901,0,1,202.9328,0,3.3603,-5.2341,11.89,0.3406,Negative
830,1,0,0,0,8,0.0361,1,2,8.7157,1,1.5365,0.9813,0,1,221.0601,1,0,-1.9514,11.85,1.0365,Negative
839,0,0,0,0,6,0.0871,0,1,0,0,0.5675,0,0,0,162.1379,0,0,-6.3371,11.9968,0.1581,Negative
840,0,0,0,0,6,0.0664,0,3,1.3863,0,1.0669,0.5998,0,0,157.4046,0,0,-2.6029,11.89,0.4743,Positive
848,0,0,0,0,4,0.0607,0,5,4.5708,0,1.0535,1.44,0,0,192.2945,0,0,12.8285,11.89,0.5111,Negative
852,0,0,0,0,4,0.0695,1,0,1.6094,1,0.8462,1.1876,0,0,212.4829,0,1.1992,2.1218,11.9985,0.2534,Negative
862,0,0,0,0,2,0.0674,1,0,3.8937,1,0.8113,1.1511,0,0,216.8937,1,0,-4.6746,11.9963,0.1784,Positive
872,0,0,0,0,2,0.0687,1,0,3.6628,0,0.7769,0.8841,1,0,216.8937,1,0.7103,-8.1597,11.85,0.2197,Positive
875,0,0,0.032,0,5,0.0479,0,1,5.8212,0,1.232,0.9696,0,1,199.4152,1,2.255,1.1537,11.89,1.1841,Negative
876,0,0,0,0,2,0.0821,0,0,2.7842,0,0.7708,0.6711,0,0,206.0718,1,0,-9.2727,11.89,0.068,Positive
881,0,0,0,0,8,0.1006,0,0,1.6094,0,1.0986,1.3385,0,0,160.4402,0,0,-0.8692,11.89,0,Positive
884,0,1,0,1,2,0.0512,0,0,5.6537,0,1.1717,1.137,0,0,271.7456,1,0,-16.2995,11.999,1.6917,Negative
886,0,1,0,1,4,0.0532,0,1,4.9512,0,1.1036,1.0509,0,1,267.294,1,0,-37.6533,11.9985,1.4126,Negative
887,0,0,0,1,4,0.061,0,2,5.2637,0,1.303,1.0398,0,0,231.7004,0,0,-26.9199,11.85,1.0521,Negative
910,0,0,0,0,1,0.0752,0,0,0,0,0.4189,0,0,0,277.2708,0,0,-15.744,11.9986,0.4674,Positive
916,1,0,0.9682,0,0,0.026,0,0,6.0707,0,1.2556,2.7032,0,0,317.4478,1,0,34.2703,11.9985,2.914,Negative
921,0,0,0,0,0,0.0461,0,0,0,0,0.0311,0,0,0,374.9232,0,0,-9.1489,11.9986,2.108,Negative
925,0,1,0,0,0,0.0461,0,0,0,0,0.5451,0,0,0,463.7439,0,0,0,11.9986,0.8504,Negative
934,0,1,0,0,0,0.0445,0,0,6.7972,0,0.851,1.3642,1,0,347.9638,1,0,-25.6122,11.9985,0.8904,Negative
935,0,1,0,0,0,0.0576,1,0,5.2321,1,1.0182,0.8329,0,0,321.3281,1,0,5.8373,11.9985,0.933,Negative
936,0,1,0.8254,0,1,0.0638,0,0,3.1689,0,0.4126,0,0,0,371.8483,0,0,-9.8499,11.9986,2.118,Negative
938,0,1,0,0,0,0.0736,0,1,3.8408,0,0.6838,0.4206,0,0,270.1202,0,0,-6.1258,11.9985,0.3068,Negative
939,1,1,0.7303,0,1,0.0483,0,0,5.942,0,0.7986,0.7288,0,0,311.7445,0,0,0.0665,11.9985,2.485,Negative
943,0,1,0,0,0,0.0681,0,1,4.4067,0,0.587,0.711,0,1,323.2512,0,0,-35.5117,11.9986,0.4019,Negative
950,0,1,0,0,1,0.0733,0,0,4.1322,1,0.7986,0.93,0,0,294.4463,1,0,-56.7814,11.9985,0.257,Negative
952,1,1,0,0,0,0.0439,1,0,7.1536,1,0.7391,0.5557,0,0,326.8406,1,0,-4.1562,11.9985,0.68,Negative
960,0,1,0,0,0,0.0596,0,0,6.0187,0,0.6281,0,0,0,275.3737,0,0,-8.858,11.9985,0.3192,Negative
963,0,1,0,0,0,0.0783,0,1,3.1689,0,0.41,0,0,0,295.0953,0,0,-17.1992,11.9986,0.2358,Negative
965,0,1,0,0,0,0.0783,1,0,2.7842,0,0.3977,0,0,0,274.3142,0,0.9113,-20.5573,11.9986,0.247,Negative
969,0,1,0,0,0,0.06,0,2,5.2381,0,0.801,1.066,0,1,264.9081,0,0,-21.1504,11.9985,0.4717,Negative
975,0,0,0,1,6,0.0503,0,0,2.5649,0,1.0714,1.1299,0,0,250.4021,0,0,-4.4575,11.9985,0.5362,Negative
982,0,1,0,0,1,0.0715,0,0,0,0,0.4187,0,0,0,308.7967,0,0,-26.6723,11.9986,0.4452,Negative
995,0,0,0,0,6,0.1067,0,0,1.0986,0,0.4328,1.0817,0,0,197.9468,0,0,9.832,11.9986,0,Negative
997,0,1,0,0,0,0.0482,0,1,6.3515,0,0.894,1.1759,0,1,314.9519,1,0,7.5334,11.9985,1.1271,Negative
1000,0,0,0,0,1,0.0679,0,0,4.343,0,0.7946,1.3084,0,0,261.9852,0,0,11.261,11.999,0.7063,Positive
1002,0,0,0,0,1,0.0653,1,1,3.8408,0,0.7986,0.6535,0,1,209.6945,0,0,-12.7641,11.89,0.2776,Negative
1003,1,0,0,0,8,0.0399,1,6,7.169,0,1.606,1.5388,0,1,250.9602,0,0,256.4931,11.9989,3.7133,Negative
1008,0,1,0,0,0,0.0587,0,2,4.5591,0,0.801,0.9411,0,1,243.0604,0,0,-4.5814,11.9935,0.6799,Negative
1011,0,0,0,0,0,0.0759,0,2,0,0,0.7603,1.4592,0,0,241.1602,0,0,-60.5109,11.9971,1.0278,Negative
1046,0,0,0,1,1,0.085,1,1,0,0,0.978,1.0613,0,0,215.5587,0,0,-71.9473,11.999,2.2631,Negative
1050,0,0,0,0,1,0.0692,0,1,4.2749,1,0.8477,1.0307,0,0,209.9856,1,0,-3.1472,11.9935,0.2764,Negative
1053,0,0,0,0,2,0.0624,0,1,4.6563,1,0.8563,1.1082,1,0,200.581,1,0,-0.4866,11.9934,0.3952,Negative
1055,0,0,0,0,0,0.0663,1,1,0,1,0.7986,1.2406,0,1,217.1992,1,0,-11.68,11.9935,0.2123,Negative
1057,0,0,0,0,0,0.0871,0,1,0,0,0.6839,0,0,1,205.158,0,0,-9.9069,11.9935,0.0833,Negative
1068,0,0,0,0,0,0.1006,1,0,0,1,0.6763,0.824,0,0,203.0741,0,1.9838,-25.9787,11.9964,0.0962,Positive
1074,1,0,0,0,0,0.0508,1,0,5.5267,1,1.0519,1.8332,0,0,237.7685,1,0,-12.0337,11.9962,0.5603,Negative
1076,1,0,0,0,0,0.049,1,0,6.9054,1,1.0891,1.0353,0,0,238.9268,1,0,-12.3561,11.9962,0.4167,Negative
1079,0,0,0,0,0,0.064,1,0,4.343,1,0.8772,0.8608,0,0,225.4821,1,0,-8.7346,11.9962,0.2277,Positive
1094,0,0,0,0,3,0.0971,1,0,0,1,0.9203,1.3444,0,0,168.7068,0,0,-7.5353,11.89,0.25,Positive
1096,0,1,0,0,0,0.055,0,0,2.7842,0,0.6902,2.7859,1,0,297.9254,1,0,19.2408,11.9986,0.5627,Negative
1100,0,0,0,0,0,0.0666,0,2,3.1689,0,0.7066,0.7053,0,1,217.4544,1,0,-12.1253,11.85,0.2601,Negative
1103,0,0,0,0,0,0.0666,1,0,3.1689,1,0.7027,0.7847,1,0,225.1184,1,0,-13.3899,11.85,0.2525,Positive
1105,0,1,0,0,1,0.0539,1,1,4.9432,0,1.0763,1.0672,0,1,222.8195,1,0,4.6613,11.89,0.5702,Negative
1106,1,0,0,0,0,0.0516,1,0,5.7602,0,0.9601,1.0462,0,0,239.7039,1,0,-2.7872,11.9962,0.3391,Negative
1110,0,0,0,0,0,0.0625,0,0,4.3208,0,1.0484,0.6936,1,0,204.6904,1,1.8624,-3.8105,11.9962,0.2357,Positive
1115,0,0,0,0,1,0.0621,1,2,4.4953,0,0.9056,1.0848,0,1,204.1627,1,0,-4.3935,11.89,0.3277,Negative
1124,0,0,0,0,0,0.0687,0,1,2.7842,0,0.7,0.5916,0,1,226.3717,1,0,-8.4158,11.85,0.1859,Negative
1126,0,0,0,0,0,0.0764,0,0,0,0,0.6848,0,0,0,214.4747,1,0,-4.7863,11.85,0.1426,Positive
1128,0,0,0,0,0,0.058,0,0,6.1239,0,0.887,0.5338,0,0,235.7234,1,0,-7.9712,11.9962,0.2144,Negative
1129,0,0,0,0,0,0.0871,0,0,0,0,0.6816,0,0,0,214.3549,1,0,-11.952,11.9963,0.068,Negative
1132,0,0,0,0,0,0.0783,0,1,2.151,0,0.7065,0,0,1,205.7821,1,0,-14.6214,11.9963,0.1423,Positive
1148,0,0,0,0,0,0.0496,0,6,5.8732,0,1.1785,1.9218,0,0,176.2017,0,0,8.328,11.9962,0.4696,Negative
1161,0,0,0,0,2,0.0447,0,0,0,0,0.1314,0,0,0,256.526,0,0,0.3254,11.9976,0.5164,Negative
1163,0,0,0,0,0,0.044,1,1,5.5289,0,0.9696,1.597,0,1,319.6923,0,0,6.4659,11.9985,1.9278,Negative
1169,0,0,0,0,2,0.0227,0,0,3.2189,0,0.7093,0,0,0,259.2016,0,0,-2.2604,11.9975,1.3404,Negative
1170,0,1,0,0,1,0.0595,0,1,3.8408,0,0.5585,0,0,1,280.5334,0,0,-14.4402,11.9986,0.4974,Negative
1172,0,1,0,0,1,0.0602,0,0,0,0,0.3794,0,0,0,274.9371,0,0,-14.785,11.9986,0.4065,Negative
1177,0,0,0,0,0,0.0752,0,2,0,0,0.7608,0,0,0,285.6499,0,0,-6.9944,11.85,0.1667,Negative
1186,0,0,0,0,0,0.0566,0,2,6.2107,0,0.872,1.0723,0,1,313.7557,0,0,-9.6014,11.998,0.5767,Negative
1198,0,0,0,0,0,0.0495,0,1,6.3772,0,0.8843,1.1796,0,1,269.6543,0,0,-18.0695,11.9985,0.4979,Negative
1210,0,0,0,0,0,0.0664,1,1,4.1231,1,0.7986,0.8318,0,0,209.9856,1,0,-5.1237,11.85,0.2884,Positive
1212,0,0,0,0,1,0.0775,1,4,2.3026,1,0.6592,0.7675,0,0,168.5505,1,0,-5.7435,11.9936,0.2427,Negative
1217,0,0,0,0,0,0.0442,0,1,7.1995,0,1.0771,0.9481,0,1,257.4664,1,0,-4.4159,11.999,0.8647,Negative
1221,1,1,0,0,0,0.0424,0,2,7.3751,0,1.2902,0.9018,0,1,275.8679,0,0,-12.3879,11.9985,1.2317,Negative
1224,1,0,0,0,0,0.04,1,1,7.3202,0,1.137,1.0359,0,1,280.4113,1,0,-14.0881,11.85,0.9624,Negative
1229,0,1,0,0,0,0.0652,1,1,0,1,0.4505,0.9479,0,1,254.7757,1,0,-32.8552,11.9986,0.376,Negative
1236,0,0,0,0,0,0.0767,0,2,0,0,0.5403,0.9082,0,1,227.9384,0,0,-3.9271,11.85,0.2141,Negative
1240,0,0,0,0,0,0.0567,0,4,5.4548,0,0.7986,1.0975,0,1,242.549,0,0,-4.6606,11.85,0.4751,Negative
1244,0,0,0,0,0,0.0666,0,3,4.2391,0,0.562,1.0107,0,1,251.9271,0,0,-6.7876,11.999,0.2734,Negative
1260,0,0,0,0,0,0.0477,0,1,6.7107,0,0.9594,1.2395,0,1,248.8231,1,0,2.6962,11.85,0.6266,Negative
1263,0,0,0,0,0,0.067,0,2,0,0,0.3814,0,0,1,227.9384,0,0,2.1077,11.85,0.2141,Negative
1273,0,0,0,0,0,0.0567,0,2,6.1844,0,0.7112,0,0,1,228.7561,0,0,-4.3451,11.85,0.3125,Negative
1282,0,0,0,0,0,0.0833,0,1,0,0,0.2743,0,0,1,214.5595,1,0,-15.5201,11.9936,0.1479,Negative
1298,0,0,0,0,1,0.0663,1,1,0,1,0.9092,0.8615,0,0,174.2495,1,0,-4.1874,11.9,0.4012,Negative
1307,0,0,0,0,2,0.125,0,2,0,0,0.5859,0.6813,0,0,146.8779,0,0,0.1387,11.9936,0,Negative
1311,0,0,0,0,3,0.0781,0,2,3.4984,0,0.7986,1.1163,0,1,189.3381,0,0,-0.6532,11.85,0.1179,Negative
1314,0,0,0,0,10,0.0957,0,6,2.1972,0,1.2746,1.0159,0,0,149.2136,0,0,0.1423,11.9934,0,Negative
1318,0,0,0,0,0,0.0814,1,4,1.9459,0,0.7663,0.7508,0,0,168.5505,0,0,-9.6038,11.999,0.1443,Negative
1327,1,0,0,0,1,0.0311,1,2,7.1033,0,1.3624,0.9223,1,0,219.2549,1,0,4.7625,11.9933,1.9206,Negative
1329,0,0,0,0,0,0.0521,1,0,5.3773,1,1.1451,1.2639,0,0,202.8816,1,0,5.411,11.9,0.4634,Positive
1331,0,0,0,0,4,0.068,1,0,4.49,1,1.4158,1.056,0,0,217.7901,1,0,-3.5983,11.85,0.25,Positive
1334,0,0,0,0,0,0.0594,1,0,4.7802,1,1.0143,0.8953,0,0,253.7728,1,0,1.0275,11.85,0.25,Positive
1338,0,0,0,0,0,0.0417,1,2,6.9557,0,1.0212,1.0637,0,1,266.8839,0,0,-2.9473,11.9885,0.5157,Negative
1341,0,0,0,0,0,0.0515,1,1,5.2762,0,0.7986,1.0922,0,1,256.4425,0,2.5463,0.5454,11.85,0.2358,Negative
1346,1,0,0,0,0,0.0409,1,0,7.8853,0,1.1641,1.2014,0,0,275.9648,0,0,-2.2287,11.85,0.4855,Negative
1359,0,0,0,0,0,0.0543,1,1,4.9611,0,0.6724,0,0,1,263.7281,0,0,-4.8313,11.85,0.2464,Positive
1364,1,0,0,0,0,0.0409,1,0,6.4667,1,1.0818,0,0,0,310.8712,1,0,-9.1946,11.85,0.4553,Positive
1370,1,0,0,0,1,0.0433,1,2,6.6065,1,1.388,1.0805,0,1,222.8249,1,0,-2.0763,11.85,0.9673,Negative
1381,0,0,0,0,0,0.0508,0,6,3.8067,0,0.7967,0.01,0,0,187.8734,0,0,9.7593,11.9946,0.5162,Positive
1398,1,0,0,0,0,0.0499,1,0,5.7681,1,0.7986,1.0531,0,0,239.7039,1,0,-2.3977,11.85,0.4425,Negative
1404,0,1,0,0,0,0.0673,1,0,3.8408,1,0.4317,0,0,0,301.9785,1,0,19.7751,11.9986,0.4355,Negative
1428,0,0,0,0,0,0.067,1,0,0,1,0.4368,0,0,0,237.5183,1,0,-2.3559,11.85,0.2035,Positive
1430,0,0,0,0,0,0.0752,1,0,0,1,0.4344,0,0,0,238.9268,1,0,-6.0225,11.85,0.129,Positive
1431,0,0,0,0,0,0.0665,1,1,3.8408,1,0.5785,0,0,1,248.7597,1,0,-2.9906,11.999,0.2199,Positive
1435,0,0,0,0,0,0.0707,1,0,3.1689,1,0.4445,0,0,0,307.3364,1,0,-134.2735,11.9989,0.4838,Negative
1439,0,0,0,0,0,0.0665,1,1,3.8408,1,0.4617,0,0,1,248.7597,1,0,-2.3357,11.9963,0.2194,Positive
1440,0,0,0,0,0,0.0641,1,1,3.8408,1,0.5048,0.8112,0,1,248.7597,1,0,-11.6007,11.9963,0.2392,Positive
1441,0,0,0,0,0,0.0531,1,4,6.7138,1,1.4028,1.1233,0,1,255.0111,1,0,-8.3747,11.9962,0.7249,Negative
1481,0,1,0,0,0,0.0634,0,0,0,0,0.094,0,0,0,335.5889,1,0,51.226,11.9986,0.5722,Positive
1484,0,0,0,0,0,0.0449,0,2,7.7315,0,1.6047,1.0256,0,1,260.3779,1,0,1.94,11.999,1.2785,Negative
1485,0,1,0,0,0,0.0602,0,0,0,0,0.0835,0,0,0,350.9303,1,0,-48.0553,11.9986,0.6753,Negative
1496,0,0,0,0,0,0.0859,1,0,0,0,0.4315,0.4005,0,0,238.9268,1,0.7356,-3.6969,11.85,0.1708,Positive
1498,0,0,0,0,0,0.0767,0,1,0,0,0.3954,0.9443,0,1,239.2671,1,0,-7.0513,11.85,0.1924,Negative
1500,1,0,0,0,0,0.0517,1,0,5.9082,0,0.8225,1.1483,1,0,246.3754,1,0,-7.616,11.9962,0.4574,Negative
1501,1,0,0,0,0,0.0575,0,0,6.3058,0,0.7986,1.0121,0,0,242.7426,1,0,-6.1662,11.85,0.3157,Negative
1502,1,0,0.0274,0,0,0.0476,0,0,6.1373,0,1.0805,0.9405,0,0,216.944,1,0,-3.502,11.9,0.7425,Negative
1504,0,0,0,0,0,0.0547,0,0,5.6684,0,0.7986,1.0357,0,0,253.903,1,0,-14.4511,11.85,0.58,Negative
1509,0,1,0,0,0,0.0721,0,0,0,0,0.0815,0,0,0,299.213,1,0,-21.8684,11.9986,0.4019,Negative
1518,0,0,0,0,0,0.0546,0,0,3.6628,0,0.5489,0,0,0,244.7964,1,0,-5.3574,11.9964,0.4358,Positive
1521,1,0,0,0,0,0.0542,1,0,6.3728,0,0.7393,0.5369,0,0,254.2923,1,0.6782,-4.4438,11.85,0.2922,Positive
1523,0,0,0,0,0,0.067,0,1,0,0,0.3647,0,0,1,239.2671,1,0,1.0682,11.85,0.1924,Negative
1531,0,0,0,0,0,0.0596,0,0,6.0187,0,0.6287,0,0,0,247.3805,1,0,-6.8692,11.85,0.2201,Negative
1543,0,0,0,0,0,0.0833,0,0,0,0,0.0112,0,1,0,225.7418,1,0,-15.3277,11.9964,0.1291,Positive
1553,0,0,0,0,4,0.0679,1,0,3.6889,1,1.416,1.2006,0,0,205.2174,0,2.8144,-7.8935,11.79,0.8514,Negative
1562,0,0,0,0,4,0.085,0,0,0.6931,0,0.6304,0.9841,0,0,162.3291,0,0,1.585,11.9964,0.2582,Negative
1563,0,0,0,0,3,0.1162,0,0,0,0,0.5283,1.0187,0,0,169.6799,0,1.5874,1.301,11.79,0.1291,Negative
1565,0,0,0,0,1,0.0796,0,0,3.944,0,0.7986,0.7852,0,0,216.944,0,3.6065,-1.6959,11.85,0.0962,Positive
1574,0,0,0,0,2,0.0255,0,0,3.2189,0,1.0015,1.0313,0,0,230.8099,1,0,5.063,11.9962,1.3495,Negative
1580,0,0,0,0,4,0.0561,1,2,5.7396,0,1.2025,0.9324,0,1,213.2682,0,0,-0.4396,11.85,0.404,Negative
1584,0,0,0,0,6,0.0633,0,3,2.9444,0,1.0759,0.8981,0,0,162.3202,0,0,3.4418,11.9963,0.4743,Positive
1592,0,0,0,0,6,0.1067,0,0,1.0986,0,0.4654,1.0966,0,0,160.0765,0,0,0.9876,11.9964,0,Negative
1599,0,1,0,0,0,0.0597,0,1,4.7441,0,0.5681,0.6959,0,1,282.8585,0,0,-20.0337,11.9986,0.5782,Negative
1602,0,0,0,0,0,0.052,1,0,5.1969,0,0.8824,0.7879,0,0,266.3368,0,0.1893,-7.7684,11.999,0.6904,Negative
1603,0,0,0,0,0,0.0536,0,1,0,0,0.7986,0.1696,0,1,256.587,0,0,-22.0447,11.999,0.4282,Negative
1609,1,0,0,0,0,0.0401,1,0,6.9794,0,1.119,1.3926,0,0,280.5942,0,0,-1.5252,11.999,0.6777,Negative
1615,0,0,0,1,6,0.0647,0,2,2.4849,0,1.0144,0.9383,0,0,205.3449,0,0,-9.361,11.9986,0.3786,Negative
1618,0,0,0,0,4,0.0634,0,2,3.3673,0,1.1463,1.6332,0,0,244.2792,0,0,6.2767,11.997,0.8042,Negative
1624,0,0,0,0,0,0.0585,0,1,5.8615,0,0.6794,0,0,1,303.7937,0,0,-14.4144,11.9985,0.6087,Negative
